created_at,entry_id,field1,field2,field3,latitude,longitude,elevation,status
2026-06-11T05:39:27+00:00,1,33,55,88,,,,
2026-06-11T05:39:50+00:00,2,33,55,101,,,,
2026-06-11T05:40:11+00:00,3,33,55,88,,,,
2026-06-11T05:44:00+00:00,4,33,56,99,,,,
2026-06-11T05:44:19+00:00,5,33,56,101,,,,
2026-06-11T05:44:38+00:00,6,33,56,112,,,,
2026-06-11T05:45:05+00:00,7,33,56,97,,,,
2026-06-11T05:45:24+00:00,8,33,56,101,,,,
2026-06-11T05:45:44+00:00,9,33,56,96,,,,
2026-06-11T05:46:03+00:00,10,33,56,97,,,,
2026-06-11T05:46:21+00:00,11,33,56,98,,,,
2026-06-11T05:46:41+00:00,12,33,56,101,,,,
2026-06-11T05:47:00+00:00,13,33,56,98,,,,
2026-06-11T05:47:18+00:00,14,33,56,112,,,,
2026-06-11T05:47:42+00:00,15,33,56,98,,,,
2026-06-11T05:48:02+00:00,16,33,56,105,,,,
2026-06-11T05:56:39+00:00,17,33,57,95,,,,
2026-06-11T05:56:59+00:00,18,33,58,85,,,,
2026-06-11T05:57:16+00:00,19,33,57,86,,,,
2026-06-11T05:57:35+00:00,20,33,57,89,,,,
2026-06-11T05:57:56+00:00,21,33,57,95,,,,
2026-06-11T05:58:15+00:00,22,33,57,91,,,,
2026-06-11T05:58:35+00:00,23,33,57,98,,,,
2026-06-11T05:58:55+00:00,24,33,57,87,,,,
2026-06-11T05:59:15+00:00,25,33,57,81,,,,
2026-06-11T05:59:35+00:00,26,33,57,83,,,,
2026-06-11T05:59:54+00:00,27,33,57,77,,,,
2026-06-11T06:00:13+00:00,28,33,57,80,,,,
2026-06-11T06:00:31+00:00,29,33,57,82,,,,
2026-06-11T06:00:49+00:00,30,33,57,90,,,,
2026-06-11T06:01:07+00:00,31,33,57,86,,,,
2026-06-11T06:01:29+00:00,32,33,57,89,,,,
2026-06-11T06:01:49+00:00,33,33,57,83,,,,
2026-06-11T06:02:15+00:00,34,33,57,83,,,,
2026-06-11T06:02:35+00:00,35,33,57,81,,,,
2026-06-11T06:02:53+00:00,36,33,56,80,,,,
2026-06-11T06:03:13+00:00,37,33,56,94,,,,
2026-06-11T06:03:32+00:00,38,33,56,80,,,,
2026-06-11T06:03:53+00:00,39,33,56,80,,,,
2026-06-11T06:04:12+00:00,40,33,56,80,,,,
2026-06-11T06:04:46+00:00,41,33,56,77,,,,
2026-06-11T06:05:06+00:00,42,33,56,82,,,,
2026-06-11T06:05:27+00:00,43,33,56,75,,,,
2026-06-11T06:05:45+00:00,44,33,56,75,,,,
2026-06-11T06:06:06+00:00,45,33,56,79,,,,
2026-06-11T06:06:25+00:00,46,33,56,80,,,,
2026-06-11T06:06:43+00:00,47,33,56,70,,,,
2026-06-11T06:07:02+00:00,48,33,56,80,,,,
2026-06-11T06:07:22+00:00,49,33,56,94,,,,
2026-06-11T06:07:40+00:00,50,33,56,80,,,,
2026-06-11T06:07:59+00:00,51,33,56,80,,,,
2026-06-11T06:08:18+00:00,52,33,56,75,,,,
2026-06-11T06:08:38+00:00,53,33,56,78,,,,
2026-06-11T06:08:59+00:00,54,33,56,75,,,,
2026-06-11T06:09:17+00:00,55,33,56,83,,,,
2026-06-11T06:09:37+00:00,56,33,56,75,,,,
2026-06-11T06:09:56+00:00,57,33,56,74,,,,
2026-06-11T06:10:20+00:00,58,33,56,73,,,,
2026-06-11T06:10:40+00:00,59,33,56,87,,,,
2026-06-11T06:10:59+00:00,60,33,56,77,,,,
2026-06-11T06:11:20+00:00,61,33,56,80,,,,
2026-06-11T06:11:40+00:00,62,33,56,78,,,,
2026-06-11T06:12:00+00:00,63,33,56,80,,,,
2026-06-11T06:12:22+00:00,64,33,56,79,,,,
2026-06-11T06:12:39+00:00,65,33,56,79,,,,
2026-06-11T06:12:57+00:00,66,33,56,85,,,,
2026-06-11T06:13:18+00:00,67,33,56,80,,,,
2026-06-11T06:13:38+00:00,68,33,56,78,,,,
2026-06-11T06:13:57+00:00,69,33,56,79,,,,
2026-06-11T06:14:15+00:00,70,33,56,81,,,,
2026-06-11T06:14:33+00:00,71,33,56,83,,,,
2026-06-11T06:14:52+00:00,72,33,56,81,,,,
2026-06-11T06:15:10+00:00,73,34,56,78,,,,
2026-06-11T06:15:30+00:00,74,34,56,74,,,,
2026-06-11T06:15:49+00:00,75,34,56,80,,,,
2026-06-11T06:16:10+00:00,76,34,56,82,,,,
2026-06-11T06:16:28+00:00,77,34,56,71,,,,
2026-06-11T06:16:47+00:00,78,34,56,80,,,,
2026-06-11T06:17:07+00:00,79,34,56,78,,,,
2026-06-11T06:17:26+00:00,80,34,56,78,,,,
2026-06-11T06:17:47+00:00,81,34,56,73,,,,
2026-06-11T06:18:05+00:00,82,34,56,77,,,,
2026-06-11T06:18:22+00:00,83,34,56,89,,,,
2026-06-11T06:18:42+00:00,84,34,56,74,,,,
2026-06-11T06:19:00+00:00,85,34,56,75,,,,
2026-06-11T06:19:19+00:00,86,34,56,80,,,,
2026-06-11T06:19:37+00:00,87,34,56,72,,,,
2026-06-11T06:19:54+00:00,88,34,57,85,,,,
2026-06-11T06:20:15+00:00,89,34,56,80,,,,
2026-06-11T06:20:33+00:00,90,34,56,81,,,,
2026-06-11T06:20:53+00:00,91,34,56,72,,,,
2026-06-11T06:21:13+00:00,92,34,56,75,,,,
2026-06-11T06:21:32+00:00,93,34,57,77,,,,
2026-06-11T06:21:50+00:00,94,34,56,82,,,,
2026-06-11T06:22:10+00:00,95,34,56,79,,,,
2026-06-11T06:22:29+00:00,96,34,57,80,,,,
2026-06-11T06:22:49+00:00,97,34,57,68,,,,
2026-06-11T06:23:10+00:00,98,34,57,73,,,,
2026-06-11T06:23:28+00:00,99,34,57,75,,,,
2026-06-11T06:23:48+00:00,100,34,57,67,,,,
2026-06-11T06:24:06+00:00,101,34,57,86,,,,
2026-06-11T06:24:26+00:00,102,34,57,71,,,,
2026-06-11T06:24:44+00:00,103,34,57,84,,,,
2026-06-11T06:25:03+00:00,104,34,57,82,,,,
2026-06-11T06:25:21+00:00,105,34,57,76,,,,
2026-06-11T06:25:42+00:00,106,34,57,80,,,,
2026-06-11T06:26:00+00:00,107,34,57,69,,,,
2026-06-11T06:26:18+00:00,108,34,57,79,,,,
2026-06-11T08:00:07+00:00,109,0,0,197,,,,
2026-06-11T08:00:30+00:00,110,33,57,187,,,,
2026-06-11T08:00:50+00:00,111,33,57,174,,,,
2026-06-11T08:01:12+00:00,112,33,57,179,,,,
2026-06-11T08:01:30+00:00,113,33,56,164,,,,
2026-06-11T08:01:52+00:00,114,33,56,141,,,,
2026-06-11T08:02:13+00:00,115,33,56,144,,,,
2026-06-11T08:02:31+00:00,116,33,56,139,,,,
2026-06-11T08:02:50+00:00,117,33,56,143,,,,
2026-06-11T08:03:10+00:00,118,33,56,141,,,,
2026-06-11T08:03:30+00:00,119,33,56,133,,,,
2026-06-11T08:03:49+00:00,120,33,56,112,,,,
2026-06-11T08:04:09+00:00,121,33,56,127,,,,
2026-06-11T08:04:29+00:00,122,33,56,130,,,,
2026-06-11T08:04:47+00:00,123,33,56,125,,,,
2026-06-11T08:05:08+00:00,124,33,56,123,,,,
2026-06-11T08:05:27+00:00,125,33,56,112,,,,
2026-06-11T08:05:46+00:00,126,33,56,119,,,,
2026-06-11T08:06:04+00:00,127,33,56,118,,,,
2026-06-11T08:06:22+00:00,128,33,56,128,,,,
2026-06-11T08:06:44+00:00,129,33,56,130,,,,
2026-06-11T08:07:06+00:00,130,33,56,128,,,,
2026-06-11T08:07:26+00:00,131,33,56,118,,,,
2026-06-11T08:07:47+00:00,132,33,56,130,,,,
2026-06-11T08:08:08+00:00,133,33,56,106,,,,
2026-06-11T08:08:27+00:00,134,33,56,113,,,,
2026-06-11T08:08:46+00:00,135,33,56,103,,,,
2026-06-11T08:09:04+00:00,136,33,56,106,,,,
2026-06-11T08:09:27+00:00,137,33,56,106,,,,
2026-06-11T08:09:45+00:00,138,33,56,117,,,,
2026-06-11T08:10:04+00:00,139,33,56,96,,,,
2026-06-11T08:10:22+00:00,140,33,56,112,,,,
2026-06-11T08:10:41+00:00,141,33,56,100,,,,
2026-06-11T08:11:02+00:00,142,33,56,113,,,,
2026-06-11T08:11:24+00:00,143,33,56,99,,,,
2026-06-11T08:12:27+00:00,144,33,56,103,,,,
2026-06-11T08:12:48+00:00,145,33,56,109,,,,
2026-06-11T08:13:07+00:00,146,33,56,98,,,,
2026-06-11T08:13:30+00:00,147,33,56,103,,,,
2026-06-11T08:13:48+00:00,148,33,56,96,,,,
2026-06-11T08:14:08+00:00,149,33,56,97,,,,
2026-06-11T08:14:31+00:00,150,33,56,86,,,,
2026-06-11T08:14:51+00:00,151,33,56,80,,,,
2026-06-11T08:15:09+00:00,152,33,56,80,,,,
2026-06-11T08:15:32+00:00,153,33,56,101,,,,
2026-06-11T08:16:19+00:00,154,33,56,97,,,,
2026-06-11T08:16:38+00:00,155,33,56,94,,,,
2026-06-11T08:17:02+00:00,156,33,56,103,,,,
2026-06-11T08:17:21+00:00,157,33,56,99,,,,
2026-06-11T08:17:43+00:00,158,33,56,112,,,,
2026-06-11T08:18:05+00:00,159,33,56,80,,,,
2026-06-11T08:18:31+00:00,160,33,56,93,,,,
2026-06-11T08:23:35+00:00,161,33,56,93,,,,
2026-06-11T08:23:56+00:00,162,33,56,85,,,,
2026-06-11T08:24:13+00:00,163,,,,,,,
2026-06-11T08:24:32+00:00,164,,,,,,,
2026-06-11T08:24:51+00:00,165,,,,,,,
2026-06-11T08:25:16+00:00,166,33,56,87,,,,
2026-06-11T08:25:36+00:00,167,33,56,82,,,,
2026-06-11T08:25:54+00:00,168,33,56,93,,,,
2026-06-11T08:26:13+00:00,169,33,56,85,,,,
2026-06-11T08:26:33+00:00,170,,,,,,,
2026-06-11T08:26:57+00:00,171,33,56,93,,,,
2026-06-11T08:27:16+00:00,172,33,56,77,,,,
2026-06-11T08:27:40+00:00,173,33,56,88,,,,
2026-06-11T08:28:07+00:00,174,33,56,80,,,,
2026-06-11T08:28:27+00:00,175,33,56,87,,,,
2026-06-11T08:28:46+00:00,176,33,56,87,,,,
2026-06-11T08:29:04+00:00,177,33,56,81,,,,
2026-06-11T08:29:27+00:00,178,33,56,87,,,,
2026-06-11T08:29:52+00:00,179,33,56,92,,,,
2026-06-11T08:30:11+00:00,180,33,56,80,,,,
2026-06-11T08:30:32+00:00,181,33,56,80,,,,
2026-06-11T08:30:50+00:00,182,33,56,84,,,,
2026-06-11T08:31:11+00:00,183,33,55,81,,,,
2026-06-11T08:31:31+00:00,184,33,55,80,,,,
2026-06-11T08:31:50+00:00,185,33,56,93,,,,
2026-06-11T08:32:33+00:00,186,33,55,73,,,,
2026-06-11T08:32:52+00:00,187,33,56,90,,,,
2026-06-11T08:33:12+00:00,188,33,56,87,,,,
2026-06-11T08:33:30+00:00,189,33,56,80,,,,
2026-06-11T08:33:55+00:00,190,33,55,96,,,,
2026-06-11T08:34:16+00:00,191,33,55,80,,,,
2026-06-11T08:34:34+00:00,192,33,55,91,,,,
2026-06-11T08:34:55+00:00,193,33,55,79,,,,
2026-06-11T08:35:16+00:00,194,33,55,103,,,,
2026-06-11T08:35:37+00:00,195,33,55,83,,,,
2026-06-11T08:35:56+00:00,196,33,55,80,,,,
2026-06-11T08:36:14+00:00,197,33,55,82,,,,
2026-06-11T08:36:33+00:00,198,33,56,80,,,,
2026-06-11T08:36:52+00:00,199,33,56,87,,,,
2026-06-11T08:37:13+00:00,200,33,55,74,,,,
2026-06-11T08:37:31+00:00,201,33,56,107,,,,
2026-06-11T08:37:54+00:00,202,33,55,80,,,,
2026-06-11T08:38:18+00:00,203,33,55,80,,,,
2026-06-11T08:38:39+00:00,204,33,55,85,,,,
2026-06-11T08:38:59+00:00,205,33,55,83,,,,
2026-06-11T08:39:21+00:00,206,33,55,85,,,,
2026-06-11T08:39:40+00:00,207,33,55,80,,,,
2026-06-11T08:40:04+00:00,208,33,55,83,,,,
2026-06-11T08:40:27+00:00,209,33,55,88,,,,
2026-06-11T08:41:38+00:00,210,33,56,82,,,,
2026-06-11T09:04:36+00:00,211,33,57,77,,,,
2026-06-11T09:04:56+00:00,212,33,57,75,,,,
2026-06-11T09:05:17+00:00,213,33,57,85,,,,
2026-06-11T09:05:35+00:00,214,33,57,85,,,,
2026-06-11T09:05:55+00:00,215,33,57,78,,,,
2026-06-11T09:06:14+00:00,216,33,57,83,,,,
2026-06-11T09:06:32+00:00,217,33,57,82,,,,
2026-06-11T09:08:07+00:00,218,33,57,80,,,,
2026-06-11T09:08:24+00:00,219,,,,,,,
2026-06-11T09:08:48+00:00,220,33,57,69,,,,
2026-06-11T09:09:07+00:00,221,33,57,80,,,,
2026-06-11T09:09:27+00:00,222,33,57,80,,,,
2026-06-11T09:09:46+00:00,223,33,57,80,,,,
2026-06-11T09:10:06+00:00,224,,,,,,,
2026-06-11T09:10:23+00:00,225,,,,,,,
2026-06-11T09:10:53+00:00,226,33,57,78,,,,
2026-06-11T09:11:13+00:00,227,33,57,80,,,,
2026-06-11T09:23:52+00:00,228,33,58,65,,,,
2026-06-11T09:24:17+00:00,229,33,58,65,,,,
2026-06-11T09:24:37+00:00,230,33,58,70,,,,
2026-06-11T09:24:57+00:00,231,33,58,68,,,,
2026-06-11T09:25:19+00:00,232,33,58,82,,,,
2026-06-11T09:25:40+00:00,233,33,58,63,,,,
2026-06-11T09:26:06+00:00,234,33,58,78,,,,
2026-06-11T09:26:25+00:00,235,34,57,80,,,,
2026-06-11T09:26:45+00:00,236,34,57,71,,,,
2026-06-11T09:27:05+00:00,237,34,57,76,,,,
2026-06-11T09:27:27+00:00,238,34,57,66,,,,
2026-06-11T09:27:48+00:00,239,34,57,80,,,,
2026-06-11T09:28:07+00:00,240,34,57,81,,,,
2026-06-11T09:28:26+00:00,241,34,57,71,,,,
2026-06-11T09:28:45+00:00,242,34,57,76,,,,
2026-06-11T09:29:06+00:00,243,34,57,76,,,,
2026-06-11T09:29:25+00:00,244,34,58,79,,,,
2026-06-11T09:29:45+00:00,245,34,57,77,,,,
2026-06-11T09:30:02+00:00,246,34,57,64,,,,
2026-06-11T09:30:25+00:00,247,34,57,74,,,,
2026-06-11T09:30:49+00:00,248,34,57,75,,,,
2026-06-11T09:31:07+00:00,249,34,57,70,,,,
2026-06-11T09:31:25+00:00,250,34,57,79,,,,
2026-06-11T09:31:46+00:00,251,34,57,80,,,,
2026-06-11T09:32:04+00:00,252,34,57,69,,,,
2026-06-11T09:32:27+00:00,253,34,58,73,,,,
2026-06-11T09:32:45+00:00,254,34,58,58,,,,
2026-06-11T09:33:04+00:00,255,34,57,64,,,,
2026-06-11T09:33:23+00:00,256,34,57,79,,,,
2026-06-11T09:33:44+00:00,257,34,57,77,,,,
2026-06-11T09:34:08+00:00,258,34,57,80,,,,
2026-06-11T09:34:29+00:00,259,34,57,76,,,,
2026-06-11T09:34:49+00:00,260,34,57,75,,,,
2026-06-11T09:35:09+00:00,261,34,57,77,,,,
2026-06-11T09:35:32+00:00,262,34,57,78,,,,
2026-06-11T09:35:52+00:00,263,34,57,72,,,,
2026-06-11T09:36:13+00:00,264,34,57,75,,,,
2026-06-11T09:36:33+00:00,265,34,57,73,,,,
2026-06-11T09:36:56+00:00,266,34,57,74,,,,
2026-06-11T09:37:16+00:00,267,34,57,71,,,,
2026-06-11T09:37:35+00:00,268,33,57,68,,,,
2026-06-11T09:37:55+00:00,269,33,57,79,,,,
2026-06-11T09:38:14+00:00,270,33,57,78,,,,
2026-06-11T09:38:36+00:00,271,33,57,71,,,,
2026-06-11T09:38:56+00:00,272,33,57,75,,,,
2026-06-11T09:39:14+00:00,273,33,57,75,,,,
2026-06-11T09:39:36+00:00,274,33,57,64,,,,
2026-06-11T09:39:55+00:00,275,33,57,72,,,,
2026-06-11T09:40:19+00:00,276,33,57,70,,,,
2026-06-11T09:40:40+00:00,277,33,57,79,,,,
2026-06-11T09:40:58+00:00,278,33,57,73,,,,
2026-06-11T09:41:16+00:00,279,33,57,67,,,,
2026-06-11T09:42:03+00:00,280,33,57,80,,,,
2026-06-11T09:42:29+00:00,281,,,,,,,
2026-06-11T09:42:52+00:00,282,,,,,,,
2026-06-11T09:43:10+00:00,283,,,,,,,
2026-06-11T09:43:36+00:00,284,33,57,67,,,,
2026-06-11T09:43:55+00:00,285,33,56,80,,,,
2026-06-11T11:25:38+00:00,286,33,57,85,,,,
2026-06-11T11:26:00+00:00,287,,,,,,,
2026-06-11T11:26:25+00:00,288,33,58,80,,,,
2026-06-11T11:26:46+00:00,289,33,58,80,,,,
2026-06-11T11:27:05+00:00,290,33,58,93,,,,
2026-06-11T11:27:24+00:00,291,33,59,80,,,,
2026-06-11T11:27:46+00:00,292,33,58,81,,,,
2026-06-11T11:28:07+00:00,293,33,58,81,,,,
2026-06-11T11:28:28+00:00,294,33,58,85,,,,
2026-06-11T11:28:48+00:00,295,33,58,86,,,,
2026-06-11T11:29:06+00:00,296,33,58,82,,,,
2026-06-11T11:29:28+00:00,297,33,58,86,,,,
2026-06-11T11:29:51+00:00,298,33,58,80,,,,
2026-06-11T11:30:13+00:00,299,33,58,88,,,,
2026-06-11T11:30:32+00:00,300,33,58,79,,,,
2026-06-11T11:30:52+00:00,301,33,58,80,,,,
2026-06-11T11:31:15+00:00,302,33,58,87,,,,
2026-06-11T11:31:38+00:00,303,33,58,87,,,,
2026-06-11T11:31:57+00:00,304,33,58,75,,,,
2026-06-11T11:32:16+00:00,305,33,58,94,,,,
2026-06-11T11:32:38+00:00,306,33,58,89,,,,
2026-06-11T11:32:57+00:00,307,33,58,81,,,,
2026-06-11T11:33:16+00:00,308,33,58,80,,,,
2026-06-11T11:53:21+00:00,309,33,58,79,,,,
2026-06-11T11:53:41+00:00,310,33,58,81,,,,
2026-06-11T11:54:01+00:00,311,33,58,80,,,,
2026-06-11T11:54:23+00:00,312,,,,,,,
2026-06-11T11:54:47+00:00,313,33,58,73,,,,
2026-06-11T11:55:06+00:00,314,33,58,81,,,,
2026-06-11T11:55:26+00:00,315,33,58,80,,,,
2026-06-11T11:55:50+00:00,316,33,58,83,,,,
2026-06-11T11:56:08+00:00,317,33,58,83,,,,
2026-06-11T11:56:27+00:00,318,33,58,81,,,,
2026-06-11T11:56:50+00:00,319,33,58,86,,,,
2026-06-11T11:57:11+00:00,320,33,58,91,,,,
2026-06-11T11:57:39+00:00,321,33,58,82,,,,
2026-06-11T11:58:00+00:00,322,33,58,82,,,,
2026-06-11T11:58:34+00:00,323,33,58,83,,,,
2026-06-11T11:58:52+00:00,324,33,58,80,,,,
2026-06-11T11:59:11+00:00,325,33,58,80,,,,
2026-06-11T11:59:30+00:00,326,33,58,80,,,,
2026-06-11T11:59:49+00:00,327,33,58,80,,,,
2026-06-11T12:00:08+00:00,328,33,58,80,,,,
2026-06-11T12:00:29+00:00,329,33,58,88,,,,
2026-06-11T12:00:48+00:00,330,33,58,85,,,,
2026-06-11T12:01:07+00:00,331,33,58,80,,,,
2026-06-11T12:01:26+00:00,332,33,58,80,,,,
2026-06-11T12:02:08+00:00,333,33,58,80,,,,
2026-06-11T12:02:30+00:00,334,33,58,81,,,,
2026-06-11T12:02:57+00:00,335,33,58,83,,,,
2026-06-11T12:03:17+00:00,336,33,58,81,,,,
2026-06-11T12:03:37+00:00,337,33,58,80,,,,
2026-06-11T12:03:58+00:00,338,33,58,74,,,,
2026-06-11T12:04:20+00:00,339,33,58,80,,,,
2026-06-11T12:04:43+00:00,340,33,58,80,,,,
2026-06-11T12:05:04+00:00,341,33,58,90,,,,
2026-06-11T12:05:25+00:00,342,33,58,75,,,,
2026-06-11T12:05:47+00:00,343,33,58,86,,,,
2026-06-11T12:06:11+00:00,344,33,58,81,,,,
2026-06-11T12:06:36+00:00,345,33,59,80,,,,
2026-06-11T12:07:07+00:00,346,33,58,86,,,,
2026-06-11T12:07:28+00:00,347,33,59,80,,,,
2026-06-11T12:08:10+00:00,348,33,59,80,,,,
2026-06-11T12:08:34+00:00,349,33,59,85,,,,
2026-06-11T12:08:49+00:00,350,,,,,,,
2026-06-11T12:31:24+00:00,351,33,59,82,,,,
2026-06-11T12:31:44+00:00,352,33,59,80,,,,
2026-06-11T12:32:02+00:00,353,33,59,90,,,,
2026-06-11T12:32:24+00:00,354,33,59,84,,,,
2026-06-11T12:32:42+00:00,355,33,59,93,,,,
2026-06-11T12:33:03+00:00,356,33,59,93,,,,
2026-06-11T12:33:22+00:00,357,33,59,91,,,,
2026-06-11T12:33:40+00:00,358,33,59,80,,,,
2026-06-11T12:33:58+00:00,359,33,59,78,,,,
2026-06-11T12:34:16+00:00,360,33,59,82,,,,
2026-06-11T12:34:35+00:00,361,33,59,79,,,,
2026-06-11T12:34:53+00:00,362,33,59,86,,,,
2026-06-11T12:35:11+00:00,363,33,59,80,,,,
2026-06-11T12:35:33+00:00,364,33,59,80,,,,
2026-06-11T12:35:55+00:00,365,33,59,89,,,,
2026-06-11T12:36:16+00:00,366,33,59,79,,,,
2026-06-11T12:36:35+00:00,367,33,59,80,,,,
2026-06-11T12:42:33+00:00,368,33,59,90,,,,
2026-06-11T12:42:52+00:00,369,33,59,86,,,,
2026-06-11T12:43:10+00:00,370,33,59,93,,,,
2026-06-11T12:43:31+00:00,371,33,59,82,,,,
2026-06-11T12:43:59+00:00,372,33,59,85,,,,
2026-06-11T12:44:18+00:00,373,33,59,87,,,,
2026-06-11T12:44:37+00:00,374,33,59,88,,,,
2026-06-11T12:44:58+00:00,375,33,59,86,,,,
2026-06-11T12:45:19+00:00,376,33,59,81,,,,
2026-06-11T12:45:38+00:00,377,33,59,82,,,,
2026-06-11T12:45:57+00:00,378,33,59,86,,,,
2026-06-11T12:46:17+00:00,379,33,59,97,,,,
2026-06-11T12:46:37+00:00,380,33,59,89,,,,
2026-06-11T12:46:56+00:00,381,33,59,85,,,,
2026-06-11T12:47:17+00:00,382,33,59,84,,,,
2026-06-11T12:47:34+00:00,383,33,59,89,,,,
2026-06-11T12:47:55+00:00,384,33,60,74,,,,
2026-06-11T12:48:13+00:00,385,33,59,87,,,,
2026-06-11T12:48:31+00:00,386,33,59,90,,,,
2026-06-11T12:48:50+00:00,387,33,59,81,,,,
2026-06-11T12:49:10+00:00,388,33,60,94,,,,
2026-06-11T12:49:27+00:00,389,33,59,82,,,,
2026-06-11T12:49:47+00:00,390,33,59,80,,,,
2026-06-11T12:50:08+00:00,391,33,59,80,,,,
2026-06-11T12:50:26+00:00,392,33,59,89,,,,
2026-06-11T12:50:44+00:00,393,33,59,87,,,,
2026-06-11T12:51:08+00:00,394,33,59,80,,,,
2026-06-11T12:51:27+00:00,395,33,60,80,,,,
2026-06-11T12:51:46+00:00,396,33,60,81,,,,
2026-06-11T12:52:04+00:00,397,33,60,86,,,,
2026-06-11T12:52:26+00:00,398,33,60,87,,,,
2026-06-11T12:52:45+00:00,399,33,60,88,,,,
2026-06-11T12:53:06+00:00,400,33,60,64,,,,
2026-06-11T12:53:26+00:00,401,33,59,74,,,,
2026-06-11T12:53:44+00:00,402,33,59,86,,,,
2026-06-11T12:54:08+00:00,403,33,59,80,,,,
2026-06-11T12:54:27+00:00,404,33,60,87,,,,
2026-06-11T12:56:17+00:00,405,33,59,98,,,,
2026-06-11T12:56:35+00:00,406,33,60,81,,,,
2026-06-11T12:56:53+00:00,407,33,60,80,,,,
2026-06-11T12:57:11+00:00,408,33,60,84,,,,
2026-06-11T12:57:31+00:00,409,33,60,91,,,,
2026-06-11T12:57:49+00:00,410,33,60,83,,,,
2026-06-11T12:58:08+00:00,411,33,60,89,,,,
2026-06-11T12:58:23+00:00,412,,,,,,,
2026-06-11T12:58:40+00:00,413,,,,,,,
2026-06-11T12:59:05+00:00,414,,,,,,,
2026-06-11T12:59:28+00:00,415,33,60,82,,,,
2026-06-11T12:59:46+00:00,416,33,60,85,,,,
2026-06-11T13:00:04+00:00,417,33,60,76,,,,
2026-06-11T13:00:22+00:00,418,33,60,86,,,,
2026-06-11T13:00:40+00:00,419,33,60,78,,,,
2026-06-11T13:00:58+00:00,420,33,60,81,,,,
2026-06-11T13:01:18+00:00,421,33,60,91,,,,
2026-06-11T13:01:40+00:00,422,33,60,95,,,,
2026-06-11T13:01:58+00:00,423,33,60,84,,,,
2026-06-11T13:02:16+00:00,424,33,60,87,,,,
2026-06-11T13:02:36+00:00,425,33,60,87,,,,
2026-06-11T13:02:54+00:00,426,33,60,84,,,,
2026-06-11T13:03:12+00:00,427,33,60,87,,,,
2026-06-11T13:03:31+00:00,428,33,60,85,,,,
2026-06-11T13:03:51+00:00,429,33,60,86,,,,
2026-06-11T13:04:10+00:00,430,33,60,85,,,,
2026-06-11T13:04:30+00:00,431,33,60,80,,,,
2026-06-11T13:04:51+00:00,432,33,60,86,,,,
2026-06-11T13:05:10+00:00,433,33,60,83,,,,
2026-06-11T13:05:29+00:00,434,33,60,81,,,,
2026-06-11T13:05:47+00:00,435,33,60,82,,,,
2026-06-11T13:06:06+00:00,436,33,60,89,,,,
2026-06-11T13:06:24+00:00,437,33,60,80,,,,
2026-06-11T13:06:45+00:00,438,33,60,87,,,,
2026-06-11T13:07:03+00:00,439,33,60,94,,,,
2026-06-11T13:07:27+00:00,440,33,60,83,,,,
2026-06-11T13:07:47+00:00,441,33,60,85,,,,
2026-06-11T13:08:07+00:00,442,33,60,89,,,,
2026-06-11T13:08:28+00:00,443,33,60,81,,,,
2026-06-11T13:08:50+00:00,444,33,60,74,,,,
2026-06-11T13:09:08+00:00,445,33,60,83,,,,
2026-06-11T13:09:27+00:00,446,33,60,80,,,,
2026-06-11T13:09:45+00:00,447,33,60,86,,,,
2026-06-11T13:10:05+00:00,448,33,60,94,,,,
2026-06-11T13:10:27+00:00,449,33,60,80,,,,
2026-06-11T13:10:45+00:00,450,33,60,94,,,,
2026-06-11T13:11:05+00:00,451,33,60,89,,,,
2026-06-11T13:11:29+00:00,452,33,60,82,,,,
2026-06-11T13:11:48+00:00,453,33,60,94,,,,
2026-06-11T13:12:08+00:00,454,33,60,79,,,,
2026-06-11T13:12:26+00:00,455,33,60,85,,,,
2026-06-11T13:12:44+00:00,456,33,60,95,,,,
2026-06-11T13:13:04+00:00,457,33,60,83,,,,
2026-06-11T13:13:26+00:00,458,33,60,83,,,,
2026-06-11T13:13:46+00:00,459,33,60,81,,,,
2026-06-11T13:14:05+00:00,460,33,60,91,,,,
2026-06-11T13:14:24+00:00,461,33,60,79,,,,
2026-06-11T13:14:44+00:00,462,33,60,76,,,,
2026-06-11T13:15:03+00:00,463,33,60,79,,,,
2026-06-11T13:15:21+00:00,464,33,60,81,,,,
2026-06-11T13:15:40+00:00,465,33,60,86,,,,
2026-06-11T13:15:59+00:00,466,33,60,80,,,,
2026-06-11T13:16:19+00:00,467,33,60,83,,,,
2026-06-11T13:16:40+00:00,468,33,60,80,,,,
2026-06-11T13:16:58+00:00,469,33,60,90,,,,
2026-06-11T13:36:54+00:00,470,33,61,123,,,,
2026-06-11T13:37:13+00:00,471,33,61,122,,,,
2026-06-11T13:37:33+00:00,472,33,61,125,,,,
2026-06-11T13:37:55+00:00,473,33,61,114,,,,
2026-06-11T13:38:15+00:00,474,33,61,125,,,,
2026-06-11T13:38:34+00:00,475,33,61,123,,,,
2026-06-11T13:38:55+00:00,476,33,61,122,,,,
2026-06-11T13:39:15+00:00,477,33,61,125,,,,
2026-06-11T13:39:33+00:00,478,33,61,129,,,,
2026-06-11T13:39:55+00:00,479,33,61,117,,,,
2026-06-11T13:40:15+00:00,480,33,61,112,,,,
2026-06-11T13:40:33+00:00,481,33,61,115,,,,
2026-06-11T13:41:01+00:00,482,33,61,117,,,,
2026-06-11T13:41:21+00:00,483,33,61,112,,,,
2026-06-11T13:41:39+00:00,484,,,,,,,
2026-06-11T13:42:04+00:00,485,33,61,112,,,,
2026-06-11T13:42:26+00:00,486,33,61,109,,,,
2026-06-11T13:42:43+00:00,487,,,,,,,
2026-06-11T13:43:06+00:00,488,33,61,119,,,,
2026-06-11T13:43:27+00:00,489,33,61,110,,,,
2026-06-11T13:43:47+00:00,490,33,61,129,,,,
2026-06-11T13:44:05+00:00,491,33,61,108,,,,
2026-06-11T13:44:25+00:00,492,33,61,129,,,,
2026-06-11T13:44:45+00:00,493,33,61,123,,,,
2026-06-11T13:45:05+00:00,494,33,61,112,,,,
2026-06-11T13:45:26+00:00,495,33,61,112,,,,
2026-06-11T13:45:44+00:00,496,33,61,119,,,,
2026-06-11T13:46:04+00:00,497,33,61,117,,,,
2026-06-11T13:46:24+00:00,498,33,61,112,,,,
2026-06-11T13:46:45+00:00,499,33,61,117,,,,
2026-06-11T13:47:03+00:00,500,33,61,112,,,,
2026-06-11T13:47:24+00:00,501,33,61,127,,,,
2026-06-11T13:47:47+00:00,502,33,61,112,,,,
2026-06-11T13:48:07+00:00,503,33,61,101,,,,
2026-06-11T13:48:29+00:00,504,33,61,123,,,,
2026-06-11T13:48:47+00:00,505,33,61,118,,,,
2026-06-11T13:49:05+00:00,506,33,61,93,,,,
2026-06-11T13:49:24+00:00,507,33,61,106,,,,
2026-06-11T13:49:44+00:00,508,33,61,102,,,,
2026-06-11T13:50:01+00:00,509,33,61,112,,,,
2026-06-11T13:50:20+00:00,510,33,61,110,,,,
2026-06-11T13:50:40+00:00,511,33,61,88,,,,
2026-06-11T13:51:00+00:00,512,33,61,102,,,,
2026-06-11T13:51:21+00:00,513,33,61,110,,,,
2026-06-11T13:51:41+00:00,514,33,61,111,,,,
2026-06-11T13:52:01+00:00,515,33,61,108,,,,
2026-06-11T13:52:24+00:00,516,33,61,99,,,,
2026-06-11T13:52:45+00:00,517,33,61,96,,,,
2026-06-11T13:53:05+00:00,518,33,61,103,,,,
2026-06-11T13:53:27+00:00,519,33,61,101,,,,
2026-06-11T13:53:48+00:00,520,33,61,97,,,,
2026-06-11T13:54:06+00:00,521,33,61,109,,,,
2026-06-11T13:54:27+00:00,522,33,61,114,,,,
2026-06-11T13:54:46+00:00,523,33,61,99,,,,
2026-06-11T13:55:05+00:00,524,33,61,112,,,,
2026-06-11T13:55:25+00:00,525,33,61,106,,,,
2026-06-11T13:55:43+00:00,526,33,61,97,,,,
2026-06-11T13:56:03+00:00,527,33,61,99,,,,
2026-06-11T13:56:23+00:00,528,33,61,115,,,,
2026-06-11T13:56:41+00:00,529,33,61,112,,,,
2026-06-11T13:57:02+00:00,530,33,61,93,,,,
2026-06-11T13:58:02+00:00,531,33,61,104,,,,
2026-06-11T13:58:22+00:00,532,33,61,91,,,,
2026-06-11T13:58:40+00:00,533,33,62,100,,,,
2026-06-11T13:59:00+00:00,534,33,61,91,,,,
2026-06-11T13:59:17+00:00,535,,,,,,,
2026-06-11T14:15:29+00:00,536,33,61,117,,,,
2026-06-11T14:15:48+00:00,537,33,62,97,,,,
2026-06-11T14:16:09+00:00,538,33,62,98,,,,
2026-06-11T14:16:27+00:00,539,33,62,100,,,,
2026-06-11T14:16:46+00:00,540,,,,,,,
2026-06-11T14:17:12+00:00,541,,,,,,,
2026-06-11T14:17:35+00:00,542,33,62,98,,,,
2026-06-11T14:17:54+00:00,543,33,62,110,,,,
2026-06-11T15:19:08+00:00,544,33,62,109,,,,
2026-06-11T15:19:28+00:00,545,33,64,102,,,,
2026-06-11T15:19:49+00:00,546,33,64,90,,,,
2026-06-11T15:20:08+00:00,547,33,64,105,,,,
2026-06-11T15:20:28+00:00,548,33,64,107,,,,
2026-06-11T15:20:50+00:00,549,33,64,113,,,,
2026-06-11T15:21:08+00:00,550,33,64,124,,,,
2026-06-11T15:21:27+00:00,551,33,64,112,,,,
2026-06-11T15:21:45+00:00,552,,,,,,,
2026-06-11T15:22:11+00:00,553,,,,,,,
2026-06-11T15:25:17+00:00,554,33,64,110,,,,
2026-06-11T15:25:34+00:00,555,,,,,,,
2026-06-11T15:25:52+00:00,556,,,,,,,
2026-06-11T16:48:09+00:00,557,0,0,177,,,,
2026-06-11T16:48:34+00:00,558,33,65,163,,,,
2026-06-11T16:48:54+00:00,559,33,65,144,,,,
2026-06-11T16:49:10+00:00,560,,,,,,,
2026-06-11T16:49:32+00:00,561,,,,,,,
2026-06-11T16:49:48+00:00,562,,,,,,,
2026-06-11T16:50:21+00:00,563,,,,,,,
2026-06-11T16:50:36+00:00,564,,,,,,,
2026-06-11T16:53:15+00:00,565,33,65,131,,,,
2026-06-11T16:53:37+00:00,566,33,65,123,,,,
2026-06-11T16:53:53+00:00,567,,,,,,,
2026-06-11T16:54:18+00:00,568,33,64,110,,,,
2026-06-11T16:54:37+00:00,569,33,64,112,,,,
2026-06-11T16:55:00+00:00,570,33,64,118,,,,
2026-06-11T16:55:21+00:00,571,33,64,98,,,,
2026-06-11T16:55:41+00:00,572,33,64,113,,,,
2026-06-11T16:56:02+00:00,573,33,64,119,,,,
2026-06-11T16:56:25+00:00,574,33,65,101,,,,
2026-06-11T16:56:43+00:00,575,33,64,112,,,,
2026-06-11T16:57:02+00:00,576,33,64,102,,,,
2026-06-11T16:57:21+00:00,577,33,64,106,,,,
2026-06-11T16:57:43+00:00,578,33,64,91,,,,
2026-06-11T16:58:04+00:00,579,33,64,112,,,,
2026-06-11T16:58:27+00:00,580,33,64,104,,,,
2026-06-11T16:58:51+00:00,581,33,64,112,,,,
2026-06-11T16:59:11+00:00,582,33,64,98,,,,
2026-06-11T16:59:31+00:00,583,33,64,95,,,,
2026-06-11T16:59:51+00:00,584,33,64,112,,,,
2026-06-11T17:00:12+00:00,585,33,64,111,,,,
2026-06-11T17:00:33+00:00,586,33,64,106,,,,
2026-06-11T17:00:58+00:00,587,33,64,99,,,,
2026-06-11T17:01:17+00:00,588,33,64,98,,,,
2026-06-11T17:01:35+00:00,589,33,65,115,,,,
2026-06-11T17:01:55+00:00,590,33,64,99,,,,
2026-06-11T17:02:18+00:00,591,,,,,,,
2026-06-11T17:02:34+00:00,592,,,,,,,
2026-06-11T17:03:10+00:00,593,33,64,109,,,,
2026-06-11T17:03:33+00:00,594,33,64,94,,,,
2026-06-11T17:03:54+00:00,595,33,64,106,,,,
2026-06-11T17:04:13+00:00,596,33,64,102,,,,
2026-06-11T17:04:35+00:00,597,33,64,95,,,,
2026-06-11T17:05:31+00:00,598,33,64,96,,,,
2026-06-11T17:05:47+00:00,599,,,,,,,
2026-06-11T17:06:12+00:00,600,33,64,96,,,,
2026-06-11T17:06:33+00:00,601,33,65,106,,,,
2026-06-11T17:06:59+00:00,602,33,64,101,,,,
2026-06-11T17:07:18+00:00,603,33,64,92,,,,
2026-06-11T17:07:38+00:00,604,33,64,97,,,,
2026-06-11T17:07:56+00:00,605,,,,,,,
2026-06-11T17:08:26+00:00,606,33,64,94,,,,
2026-06-11T17:08:46+00:00,607,33,64,96,,,,
2026-06-11T17:09:06+00:00,608,33,64,94,,,,
2026-06-11T17:09:27+00:00,609,33,64,95,,,,
2026-06-11T17:09:48+00:00,610,33,64,103,,,,
2026-06-11T17:10:10+00:00,611,33,64,106,,,,
2026-06-11T17:10:34+00:00,612,33,64,97,,,,
2026-06-11T17:10:54+00:00,613,33,64,102,,,,
2026-06-11T17:11:28+00:00,614,33,64,96,,,,
2026-06-11T17:11:46+00:00,615,,,,,,,
2026-06-11T17:12:13+00:00,616,33,64,105,,,,
2026-06-11T17:12:38+00:00,617,33,64,87,,,,
2026-06-11T17:12:56+00:00,618,33,64,81,,,,
2026-06-11T17:13:14+00:00,619,33,64,85,,,,
2026-06-11T17:13:35+00:00,620,33,64,91,,,,
2026-06-11T17:13:58+00:00,621,33,64,80,,,,
2026-06-11T17:14:21+00:00,622,33,64,97,,,,
2026-06-11T17:14:41+00:00,623,33,64,96,,,,
2026-06-11T17:15:01+00:00,624,33,64,86,,,,
2026-06-11T17:15:25+00:00,625,33,64,91,,,,
2026-06-11T17:15:47+00:00,626,33,64,90,,,,
2026-06-11T17:16:11+00:00,627,33,64,94,,,,
2026-06-11T17:16:33+00:00,628,33,64,86,,,,
2026-06-11T17:16:56+00:00,629,33,64,107,,,,
2026-06-11T17:17:14+00:00,630,33,64,95,,,,
2026-06-11T17:17:34+00:00,631,33,64,90,,,,
2026-06-11T17:17:55+00:00,632,33,64,92,,,,
2026-06-11T17:18:18+00:00,633,33,64,102,,,,
2026-06-11T17:18:36+00:00,634,33,64,95,,,,
2026-06-11T17:18:57+00:00,635,,,,,,,
2026-06-11T17:19:22+00:00,636,33,64,84,,,,
2026-06-11T17:19:42+00:00,637,33,64,99,,,,
2026-06-11T17:20:02+00:00,638,,,,,,,
2026-06-11T17:20:18+00:00,639,,,,,,,
2026-06-11T17:20:39+00:00,640,33,64,100,,,,
2026-06-11T17:21:12+00:00,641,33,64,86,,,,
2026-06-11T17:21:34+00:00,642,33,64,82,,,,
2026-06-11T17:21:55+00:00,643,33,64,91,,,,
2026-06-11T17:22:14+00:00,644,33,64,83,,,,
2026-06-11T17:22:35+00:00,645,33,64,95,,,,
2026-06-11T17:22:54+00:00,646,33,64,87,,,,
2026-06-11T17:23:13+00:00,647,33,64,101,,,,
2026-06-11T17:23:41+00:00,648,33,64,91,,,,
2026-06-11T17:24:06+00:00,649,33,64,94,,,,
2026-06-11T17:24:28+00:00,650,33,64,94,,,,
2026-06-11T17:24:47+00:00,651,33,64,101,,,,
2026-06-11T17:25:17+00:00,652,33,64,83,,,,
2026-06-11T17:25:35+00:00,653,33,64,80,,,,
2026-06-11T17:25:55+00:00,654,33,64,92,,,,
2026-06-11T17:26:15+00:00,655,33,64,93,,,,
2026-06-11T17:26:37+00:00,656,33,64,103,,,,
2026-06-11T17:26:58+00:00,657,33,64,86,,,,
2026-06-11T17:27:21+00:00,658,33,64,87,,,,
2026-06-11T17:27:41+00:00,659,33,64,91,,,,
2026-06-11T17:28:01+00:00,660,33,64,93,,,,
2026-06-11T17:28:22+00:00,661,33,64,82,,,,
2026-06-11T17:28:43+00:00,662,33,64,80,,,,
2026-06-11T17:29:01+00:00,663,33,64,81,,,,
2026-06-11T17:29:21+00:00,664,33,64,82,,,,
2026-06-11T17:29:41+00:00,665,33,64,86,,,,
2026-06-11T17:29:59+00:00,666,33,64,105,,,,
2026-06-11T17:30:19+00:00,667,33,64,94,,,,
2026-06-11T17:30:40+00:00,668,33,64,94,,,,
2026-06-11T17:31:01+00:00,669,33,64,91,,,,
2026-06-11T17:31:21+00:00,670,33,64,80,,,,
2026-06-11T17:31:44+00:00,671,33,64,87,,,,
2026-06-11T17:32:04+00:00,672,33,64,84,,,,
2026-06-11T17:32:26+00:00,673,33,64,81,,,,
2026-06-11T17:32:46+00:00,674,33,64,89,,,,
2026-06-11T17:33:09+00:00,675,33,64,94,,,,
2026-06-11T17:33:30+00:00,676,33,64,91,,,,
2026-06-11T17:33:50+00:00,677,33,64,85,,,,
2026-06-11T17:34:12+00:00,678,33,64,96,,,,
2026-06-11T17:34:34+00:00,679,33,64,95,,,,
2026-06-11T17:34:57+00:00,680,33,64,85,,,,
2026-06-11T17:35:21+00:00,681,33,64,85,,,,
2026-06-11T17:35:39+00:00,682,33,64,87,,,,
2026-06-11T17:35:58+00:00,683,33,64,92,,,,
2026-06-11T17:36:18+00:00,684,33,65,98,,,,
2026-06-11T17:36:36+00:00,685,33,64,93,,,,
2026-06-11T17:37:00+00:00,686,,,,,,,
2026-06-11T17:37:48+00:00,687,33,65,106,,,,
2026-06-11T17:38:08+00:00,688,,,,,,,
2026-06-11T17:38:31+00:00,689,33,64,94,,,,
2026-06-11T17:38:53+00:00,690,33,64,95,,,,
2026-06-11T17:39:20+00:00,691,33,64,102,,,,
2026-06-11T17:39:43+00:00,692,,,,,,,
2026-06-11T17:40:13+00:00,693,33,64,94,,,,
2026-06-11T17:40:32+00:00,694,33,64,91,,,,
2026-06-11T17:40:50+00:00,695,33,64,87,,,,
2026-06-11T17:41:10+00:00,696,33,64,85,,,,
2026-06-11T17:41:30+00:00,697,33,64,80,,,,
2026-06-11T17:41:53+00:00,698,33,65,84,,,,
2026-06-11T17:42:11+00:00,699,33,65,98,,,,
2026-06-11T17:42:32+00:00,700,33,64,106,,,,
2026-06-11T17:42:54+00:00,701,33,64,96,,,,
2026-06-11T17:43:34+00:00,702,33,64,102,,,,
2026-06-11T17:43:53+00:00,703,33,64,93,,,,
2026-06-11T17:44:15+00:00,704,33,64,98,,,,
2026-06-11T17:44:34+00:00,705,33,64,106,,,,
2026-06-11T17:44:58+00:00,706,33,64,94,,,,
2026-06-11T17:45:19+00:00,707,33,64,85,,,,
2026-06-11T17:45:44+00:00,708,33,64,98,,,,
2026-06-11T17:46:03+00:00,709,33,64,94,,,,
2026-06-11T17:46:24+00:00,710,33,64,85,,,,
2026-06-11T17:46:44+00:00,711,33,64,95,,,,
2026-06-11T17:47:06+00:00,712,33,64,81,,,,
2026-06-11T17:47:26+00:00,713,33,64,92,,,,
2026-06-11T17:47:46+00:00,714,33,64,91,,,,
2026-06-11T17:48:06+00:00,715,33,64,99,,,,
2026-06-11T17:48:25+00:00,716,33,64,93,,,,
2026-06-11T17:48:45+00:00,717,,,,,,,
2026-06-11T17:49:08+00:00,718,33,64,96,,,,
2026-06-11T17:49:28+00:00,719,33,64,83,,,,
2026-06-11T17:49:51+00:00,720,33,64,83,,,,
2026-06-11T17:50:12+00:00,721,33,64,83,,,,
2026-06-11T17:50:32+00:00,722,33,64,96,,,,
2026-06-11T17:50:50+00:00,723,33,64,94,,,,
2026-06-11T17:51:12+00:00,724,33,64,97,,,,
2026-06-11T17:51:31+00:00,725,33,64,85,,,,
2026-06-11T17:51:53+00:00,726,33,64,86,,,,
2026-06-11T17:52:11+00:00,727,,,,,,,
2026-06-11T17:52:36+00:00,728,33,64,97,,,,
2026-06-11T17:52:57+00:00,729,33,64,100,,,,
2026-06-11T17:53:16+00:00,730,33,64,90,,,,
2026-06-11T17:53:34+00:00,731,33,64,85,,,,
2026-06-11T17:53:54+00:00,732,33,64,90,,,,
2026-06-11T17:54:16+00:00,733,33,64,91,,,,
2026-06-11T17:54:37+00:00,734,33,64,86,,,,
2026-06-11T17:54:55+00:00,735,33,64,85,,,,
2026-06-11T17:55:14+00:00,736,33,64,90,,,,
2026-06-11T17:55:33+00:00,737,33,65,96,,,,
2026-06-11T17:55:57+00:00,738,33,65,96,,,,
2026-06-11T17:56:15+00:00,739,33,65,93,,,,
2026-06-11T17:56:33+00:00,740,33,64,106,,,,
2026-06-11T17:56:55+00:00,741,33,65,97,,,,
2026-06-11T17:57:14+00:00,742,33,64,87,,,,
2026-06-11T17:57:35+00:00,743,33,64,94,,,,
2026-06-11T17:57:56+00:00,744,33,65,92,,,,
2026-06-11T17:58:14+00:00,745,33,64,91,,,,
2026-06-11T17:58:35+00:00,746,33,64,80,,,,
2026-06-11T17:58:55+00:00,747,33,64,90,,,,
2026-06-11T17:59:14+00:00,748,33,64,96,,,,
2026-06-11T17:59:33+00:00,749,,,,,,,
2026-06-11T18:00:11+00:00,750,33,64,91,,,,
2026-06-11T18:00:34+00:00,751,33,64,103,,,,
2026-06-11T18:00:53+00:00,752,33,64,94,,,,
2026-06-11T18:01:11+00:00,753,33,64,94,,,,
2026-06-11T18:01:31+00:00,754,33,64,94,,,,
2026-06-11T18:01:52+00:00,755,33,64,94,,,,
2026-06-11T18:02:10+00:00,756,33,64,97,,,,
2026-06-11T18:02:32+00:00,757,33,64,96,,,,
2026-06-11T18:02:53+00:00,758,,,,,,,
2026-06-11T18:03:15+00:00,759,,,,,,,
2026-06-11T18:03:43+00:00,760,33,64,90,,,,
2026-06-11T18:04:02+00:00,761,33,64,96,,,,
2026-06-11T18:04:20+00:00,762,33,64,101,,,,
2026-06-11T18:04:39+00:00,763,33,64,100,,,,
2026-06-11T18:04:59+00:00,764,33,64,94,,,,
2026-06-11T18:05:18+00:00,765,33,64,98,,,,
2026-06-11T18:05:38+00:00,766,33,64,85,,,,
2026-06-11T18:06:00+00:00,767,33,64,93,,,,
2026-06-11T18:13:43+00:00,768,33,64,99,,,,
2026-06-11T18:13:59+00:00,769,,,,,,,
2026-06-11T18:14:24+00:00,770,33,64,97,,,,
2026-06-11T18:14:46+00:00,771,33,64,115,,,,
2026-06-11T18:19:17+00:00,772,0,0,164,,,,
2026-06-11T18:19:37+00:00,773,33,64,144,,,,
2026-06-11T18:20:05+00:00,774,33,65,146,,,,
2026-06-11T18:20:23+00:00,775,33,64,143,,,,
2026-06-11T18:20:44+00:00,776,33,65,137,,,,
2026-06-11T18:21:04+00:00,777,33,64,131,,,,
2026-06-11T18:21:23+00:00,778,33,65,126,,,,
2026-06-11T18:21:43+00:00,779,33,65,122,,,,
2026-06-11T18:22:04+00:00,780,33,64,118,,,,
2026-06-11T18:22:22+00:00,781,33,64,123,,,,
2026-06-11T18:22:44+00:00,782,33,64,128,,,,
2026-06-11T18:23:05+00:00,783,33,64,131,,,,
2026-06-11T18:23:25+00:00,784,33,64,114,,,,
2026-06-11T18:23:46+00:00,785,33,64,118,,,,
2026-06-11T18:24:07+00:00,786,33,64,112,,,,
2026-06-11T18:24:28+00:00,787,33,64,119,,,,
2026-06-11T18:24:49+00:00,788,33,64,117,,,,
2026-06-11T18:25:07+00:00,789,33,64,112,,,,
2026-06-11T18:25:30+00:00,790,33,64,108,,,,
2026-06-11T18:25:50+00:00,791,33,64,118,,,,
2026-06-11T18:26:08+00:00,792,33,64,112,,,,
2026-06-11T18:26:27+00:00,793,33,64,112,,,,
2026-06-11T18:26:45+00:00,794,33,64,111,,,,
2026-06-11T18:27:05+00:00,795,33,64,109,,,,
2026-06-11T18:27:27+00:00,796,33,64,102,,,,
2026-06-11T18:27:46+00:00,797,33,64,105,,,,
2026-06-11T18:28:05+00:00,798,33,64,112,,,,
2026-06-11T18:28:25+00:00,799,33,64,113,,,,
2026-06-11T18:28:47+00:00,800,33,64,118,,,,
2026-06-11T18:29:07+00:00,801,33,65,112,,,,
2026-06-11T18:29:26+00:00,802,33,64,112,,,,
2026-06-11T18:29:46+00:00,803,33,64,122,,,,
2026-06-11T18:30:06+00:00,804,33,64,112,,,,
2026-06-11T18:30:26+00:00,805,33,65,122,,,,
2026-06-11T18:30:42+00:00,806,,,,,,,
2026-06-11T18:31:04+00:00,807,33,64,114,,,,
2026-06-11T18:31:28+00:00,808,33,64,111,,,,
2026-06-11T18:31:46+00:00,809,33,64,114,,,,
2026-06-11T18:33:24+00:00,810,33,64,112,,,,
2026-06-11T18:33:43+00:00,811,,,,,,,
2026-06-11T18:34:03+00:00,812,,,,,,,
2026-06-11T18:34:33+00:00,813,33,64,107,,,,
2026-06-11T18:34:54+00:00,814,33,64,113,,,,
2026-06-11T18:35:49+00:00,815,33,64,110,,,,
2026-06-11T18:36:07+00:00,816,33,64,109,,,,
2026-06-11T18:36:31+00:00,817,33,64,111,,,,
2026-06-11T18:37:05+00:00,818,33,64,111,,,,
2026-06-11T18:37:26+00:00,819,33,64,101,,,,
2026-06-11T18:37:45+00:00,820,33,64,110,,,,
2026-06-11T18:38:03+00:00,821,33,64,98,,,,
2026-06-11T18:38:27+00:00,822,33,64,100,,,,
2026-06-11T18:38:48+00:00,823,33,64,98,,,,
2026-06-11T18:39:08+00:00,824,33,64,109,,,,
2026-06-11T18:39:26+00:00,825,33,64,111,,,,
2026-06-11T18:39:44+00:00,826,33,64,111,,,,
2026-06-11T18:40:04+00:00,827,33,64,101,,,,
2026-06-11T18:40:24+00:00,828,33,64,105,,,,
2026-06-11T18:40:48+00:00,829,33,64,106,,,,
2026-06-11T18:41:07+00:00,830,33,64,112,,,,
2026-06-11T18:41:25+00:00,831,33,64,111,,,,
2026-06-11T18:41:44+00:00,832,33,64,103,,,,
2026-06-11T18:42:03+00:00,833,33,64,96,,,,
2026-06-11T18:42:26+00:00,834,33,64,113,,,,
2026-06-11T18:42:45+00:00,835,33,64,113,,,,
2026-06-11T18:43:05+00:00,836,33,64,112,,,,
2026-06-11T18:43:25+00:00,837,33,64,112,,,,
2026-06-11T18:43:48+00:00,838,33,64,93,,,,
2026-06-11T18:44:08+00:00,839,33,64,112,,,,
2026-06-11T18:44:26+00:00,840,33,64,109,,,,
2026-06-11T18:44:45+00:00,841,33,64,91,,,,
2026-06-11T18:45:05+00:00,842,33,64,101,,,,
2026-06-11T18:45:25+00:00,843,33,64,114,,,,
2026-06-11T18:45:43+00:00,844,33,64,110,,,,
2026-06-11T18:46:02+00:00,845,33,64,110,,,,
2026-06-11T18:46:21+00:00,846,33,64,97,,,,
2026-06-11T18:46:40+00:00,847,33,64,91,,,,
2026-06-11T18:47:02+00:00,848,33,64,102,,,,
2026-06-11T18:47:20+00:00,849,33,64,96,,,,
2026-06-11T18:47:41+00:00,850,33,64,112,,,,
2026-06-11T18:47:59+00:00,851,33,64,108,,,,
2026-06-11T18:48:18+00:00,852,33,64,107,,,,
2026-06-11T18:48:40+00:00,853,33,64,112,,,,
2026-06-11T18:52:00+00:00,854,0,0,147,,,,
2026-06-11T18:52:20+00:00,855,33,64,144,,,,
2026-06-11T18:52:45+00:00,856,,,,,,,
2026-06-11T18:53:10+00:00,857,33,64,118,,,,
2026-06-11T18:53:29+00:00,858,33,64,138,,,,
2026-06-11T18:53:52+00:00,859,33,64,112,,,,
2026-06-11T18:54:12+00:00,860,33,64,118,,,,
2026-06-11T18:54:31+00:00,861,33,64,118,,,,
2026-06-11T18:56:20+00:00,862,0,0,138,,,,
2026-06-11T18:56:39+00:00,863,33,64,146,,,,
2026-06-11T18:56:58+00:00,864,33,64,139,,,,
2026-06-11T18:57:19+00:00,865,33,64,122,,,,
2026-06-11T18:57:39+00:00,866,33,64,128,,,,
2026-06-11T18:58:00+00:00,867,33,64,128,,,,
2026-06-11T18:58:22+00:00,868,33,64,118,,,,
2026-06-11T18:58:43+00:00,869,33,64,130,,,,
2026-06-11T18:59:03+00:00,870,33,64,147,,,,
2026-06-11T18:59:29+00:00,871,33,64,133,,,,
2026-06-11T18:59:53+00:00,872,33,64,128,,,,
2026-06-11T19:00:12+00:00,873,33,64,122,,,,
2026-06-11T19:00:32+00:00,874,33,64,114,,,,
2026-06-11T19:00:51+00:00,875,33,64,125,,,,
2026-06-11T19:01:15+00:00,876,33,64,114,,,,
2026-06-11T19:01:34+00:00,877,33,64,124,,,,
2026-06-11T19:02:00+00:00,878,33,64,132,,,,
2026-06-11T19:02:18+00:00,879,33,64,131,,,,
2026-06-11T19:02:42+00:00,880,33,64,113,,,,
2026-06-11T19:03:09+00:00,881,33,64,123,,,,
2026-06-11T19:03:24+00:00,882,,,,,,,
2026-06-11T19:03:54+00:00,883,33,64,121,,,,
2026-06-11T19:04:13+00:00,884,33,64,128,,,,
2026-06-11T19:04:32+00:00,885,33,64,112,,,,
2026-06-11T19:04:56+00:00,886,,,,,,,
2026-06-11T19:05:18+00:00,887,33,64,117,,,,
2026-06-11T19:05:38+00:00,888,33,64,123,,,,
2026-06-11T19:05:58+00:00,889,33,64,128,,,,
2026-06-11T19:06:22+00:00,890,33,64,112,,,,
2026-06-11T19:06:41+00:00,891,33,64,112,,,,
2026-06-11T19:07:01+00:00,892,33,64,128,,,,
2026-06-11T19:07:20+00:00,893,33,64,112,,,,
2026-06-11T19:07:42+00:00,894,33,64,113,,,,
2026-06-11T19:08:02+00:00,895,33,64,128,,,,
2026-06-11T19:08:23+00:00,896,33,64,112,,,,
2026-06-11T19:08:43+00:00,897,33,64,115,,,,
2026-06-11T19:09:06+00:00,898,33,64,111,,,,
2026-06-11T19:09:26+00:00,899,33,64,113,,,,
2026-06-11T19:09:46+00:00,900,33,64,116,,,,
2026-06-11T19:10:35+00:00,901,33,64,109,,,,
2026-06-11T19:10:59+00:00,902,33,64,115,,,,
2026-06-11T19:11:18+00:00,903,33,64,112,,,,
2026-06-11T19:11:38+00:00,904,,,,,,,
2026-06-11T19:11:56+00:00,905,,,,,,,
2026-06-11T19:12:16+00:00,906,,,,,,,
2026-06-11T19:12:39+00:00,907,,,,,,,
2026-06-11T19:12:54+00:00,908,33,64,112,,,,
2026-06-11T19:13:13+00:00,909,33,64,117,,,,
2026-06-11T19:13:30+00:00,910,,,,,,,
2026-06-11T19:13:54+00:00,911,33,64,115,,,,
2026-06-11T19:14:17+00:00,912,33,64,114,,,,
2026-06-11T19:14:41+00:00,913,33,64,105,,,,
2026-06-11T19:16:34+00:00,914,33,64,112,,,,
2026-06-11T19:16:56+00:00,915,33,64,113,,,,
2026-06-11T19:17:15+00:00,916,33,64,111,,,,
2026-06-11T19:17:35+00:00,917,33,64,114,,,,
2026-06-11T19:17:56+00:00,918,33,64,112,,,,
2026-06-11T19:18:19+00:00,919,33,64,105,,,,
2026-06-11T19:31:41+00:00,920,33,65,111,,,,
2026-06-11T19:32:01+00:00,921,33,64,110,,,,
2026-06-11T19:32:21+00:00,922,33,64,98,,,,
2026-06-11T19:32:41+00:00,923,33,64,116,,,,
2026-06-11T19:33:02+00:00,924,,,,,,,
2026-06-11T19:33:31+00:00,925,33,64,105,,,,
2026-06-11T19:33:51+00:00,926,33,64,115,,,,
2026-06-11T19:34:11+00:00,927,33,64,123,,,,
2026-06-11T19:34:31+00:00,928,33,64,118,,,,
2026-06-11T19:34:50+00:00,929,33,64,121,,,,
2026-06-11T19:35:10+00:00,930,33,64,112,,,,
2026-06-11T19:35:30+00:00,931,33,64,109,,,,
2026-06-11T19:45:01+00:00,932,33,64,117,,,,
2026-06-11T19:45:21+00:00,933,33,64,125,,,,
2026-06-11T19:45:40+00:00,934,,,,,,,
2026-06-11T19:46:01+00:00,935,,,,,,,
2026-06-11T19:46:26+00:00,936,,,,,,,
2026-06-11T19:49:43+00:00,937,33,64,116,,,,
2026-06-11T19:50:01+00:00,938,33,64,134,,,,
2026-06-11T19:50:23+00:00,939,33,64,120,,,,
2026-06-11T19:50:43+00:00,940,,,,,,,
2026-06-11T19:51:07+00:00,941,,,,,,,
2026-06-11T19:51:29+00:00,942,33,64,117,,,,
2026-06-11T19:51:48+00:00,943,,,,,,,
2026-06-11T19:52:12+00:00,944,33,64,117,,,,
2026-06-11T19:53:01+00:00,945,33,64,128,,,,
2026-06-11T19:53:17+00:00,946,,,,,,,
2026-06-11T19:53:43+00:00,947,33,64,128,,,,
2026-06-11T19:54:03+00:00,948,33,64,129,,,,
2026-06-11T19:54:25+00:00,949,33,64,123,,,,
2026-06-11T19:54:43+00:00,950,33,64,129,,,,
2026-06-11T19:55:05+00:00,951,33,64,132,,,,
2026-06-11T19:55:26+00:00,952,33,64,128,,,,
2026-06-11T19:55:45+00:00,953,33,64,119,,,,
2026-06-11T19:56:05+00:00,954,33,64,130,,,,
2026-06-11T19:56:26+00:00,955,33,64,115,,,,
2026-06-11T19:56:47+00:00,956,33,64,122,,,,
2026-06-11T19:57:05+00:00,957,33,64,129,,,,
2026-06-11T19:57:26+00:00,958,33,64,135,,,,
2026-06-11T19:57:49+00:00,959,33,64,130,,,,
2026-06-11T19:58:08+00:00,960,33,64,141,,,,
2026-06-11T19:58:26+00:00,961,33,64,115,,,,
2026-06-11T19:58:45+00:00,962,33,64,127,,,,
2026-06-11T19:59:03+00:00,963,33,64,118,,,,
2026-06-11T19:59:23+00:00,964,33,64,121,,,,
2026-06-11T19:59:45+00:00,965,33,64,118,,,,
2026-06-11T20:00:11+00:00,966,33,64,127,,,,
2026-06-11T20:00:31+00:00,967,33,64,141,,,,
2026-06-11T20:00:51+00:00,968,33,64,129,,,,
2026-06-11T20:01:11+00:00,969,33,64,114,,,,
2026-06-11T20:01:31+00:00,970,33,64,128,,,,
2026-06-11T20:01:56+00:00,971,33,64,117,,,,
2026-06-11T20:02:19+00:00,972,33,64,133,,,,
2026-06-11T20:02:41+00:00,973,33,64,116,,,,
2026-06-11T20:03:00+00:00,974,33,64,113,,,,
2026-06-11T20:03:20+00:00,975,33,64,117,,,,
2026-06-11T20:03:42+00:00,976,33,64,124,,,,
2026-06-11T20:04:05+00:00,977,33,64,109,,,,
2026-06-11T20:04:25+00:00,978,33,64,132,,,,
2026-06-11T20:04:48+00:00,979,33,64,119,,,,
2026-06-11T20:05:06+00:00,980,33,64,112,,,,
2026-06-11T20:05:28+00:00,981,33,64,115,,,,
2026-06-11T20:05:48+00:00,982,33,64,117,,,,
2026-06-11T20:06:07+00:00,983,33,64,128,,,,
2026-06-11T20:06:27+00:00,984,33,64,114,,,,
2026-06-11T20:06:50+00:00,985,33,64,116,,,,
2026-06-11T20:07:09+00:00,986,33,64,130,,,,
2026-06-11T20:07:34+00:00,987,33,64,113,,,,
2026-06-11T20:07:54+00:00,988,33,64,111,,,,
2026-06-11T20:08:15+00:00,989,33,64,122,,,,
2026-06-11T20:08:34+00:00,990,,,,,,,
2026-06-11T20:08:59+00:00,991,33,64,113,,,,
2026-06-11T20:09:15+00:00,992,,,,,,,
2026-06-11T20:22:38+00:00,993,33,64,112,,,,
2026-06-11T20:22:55+00:00,994,,,,,,,
2026-06-11T20:23:17+00:00,995,,,,,,,
2026-06-11T20:23:32+00:00,996,,,,,,,
2026-06-11T20:24:01+00:00,997,33,64,119,,,,
2026-06-11T20:24:24+00:00,998,33,64,117,,,,
2026-06-11T20:24:46+00:00,999,33,64,114,,,,
2026-06-11T20:25:04+00:00,1000,33,64,116,,,,
2026-06-11T20:25:25+00:00,1001,33,64,115,,,,
2026-06-11T20:25:45+00:00,1002,33,64,109,,,,
2026-06-11T20:26:03+00:00,1003,33,64,123,,,,
2026-06-11T20:26:25+00:00,1004,33,64,115,,,,
2026-06-11T20:26:44+00:00,1005,33,64,118,,,,
2026-06-11T20:27:03+00:00,1006,33,64,118,,,,
2026-06-11T20:27:55+00:00,1007,33,64,112,,,,
2026-06-11T20:28:15+00:00,1008,33,64,118,,,,
2026-06-11T20:28:35+00:00,1009,33,64,119,,,,
2026-06-11T20:29:00+00:00,1010,,,,,,,
2026-06-11T20:29:19+00:00,1011,,,,,,,
2026-06-11T20:33:36+00:00,1012,33,64,123,,,,
2026-06-11T20:33:55+00:00,1013,,,,,,,
2026-06-11T20:34:21+00:00,1014,33,64,114,,,,
2026-06-11T20:34:40+00:00,1015,33,64,128,,,,
2026-06-11T20:35:02+00:00,1016,33,64,107,,,,
2026-06-11T20:35:21+00:00,1017,33,64,113,,,,
2026-06-11T20:35:40+00:00,1018,33,64,130,,,,
2026-06-11T20:36:01+00:00,1019,33,64,107,,,,
2026-06-11T20:36:20+00:00,1020,33,64,110,,,,
2026-06-11T20:37:05+00:00,1021,,,,,,,
2026-06-11T20:40:47+00:00,1022,33,64,110,,,,
2026-06-11T20:41:08+00:00,1023,33,64,108,,,,
2026-06-11T20:41:27+00:00,1024,33,64,109,,,,
2026-06-11T20:41:52+00:00,1025,,,,,,,
2026-06-11T20:47:52+00:00,1026,33,64,110,,,,
2026-06-11T20:48:13+00:00,1027,33,64,109,,,,
2026-06-11T20:48:33+00:00,1028,33,64,101,,,,
2026-06-11T20:48:54+00:00,1029,33,64,115,,,,
2026-06-11T20:49:14+00:00,1030,33,64,128,,,,
2026-06-11T20:49:31+00:00,1031,33,64,112,,,,
2026-06-11T20:49:53+00:00,1032,33,64,106,,,,
2026-06-11T20:56:50+00:00,1033,33,64,117,,,,
2026-06-11T20:57:10+00:00,1034,33,64,118,,,,
2026-06-11T20:57:31+00:00,1035,33,64,119,,,,
2026-06-11T20:57:51+00:00,1036,,,,,,,
2026-06-11T20:58:16+00:00,1037,,,,,,,
2026-06-11T20:58:44+00:00,1038,33,64,116,,,,
2026-06-12T02:55:34+00:00,1039,0,0,140,,,,
2026-06-12T02:55:52+00:00,1040,33,63,163,,,,
2026-06-12T02:56:12+00:00,1041,33,63,144,,,,
2026-06-12T02:56:30+00:00,1042,33,63,149,,,,
2026-06-12T02:56:46+00:00,1043,,,,,,,
2026-06-12T02:57:12+00:00,1044,33,63,150,,,,
2026-06-12T02:57:32+00:00,1045,33,63,147,,,,
2026-06-12T02:57:51+00:00,1046,33,63,145,,,,
2026-06-12T02:58:10+00:00,1047,33,63,130,,,,
2026-06-12T03:06:36+00:00,1048,33,63,121,,,,
2026-06-12T03:06:56+00:00,1049,33,63,131,,,,
2026-06-12T03:07:16+00:00,1050,33,63,128,,,,
2026-06-12T03:07:38+00:00,1051,33,63,109,,,,
2026-06-12T03:07:58+00:00,1052,33,63,127,,,,
2026-06-12T03:08:17+00:00,1053,33,63,99,,,,
2026-06-12T03:08:35+00:00,1054,33,63,112,,,,
2026-06-12T03:08:53+00:00,1055,,,,,,,
2026-06-12T03:12:12+00:00,1056,33,63,119,,,,
2026-06-12T03:12:31+00:00,1057,33,63,100,,,,
2026-06-12T03:12:50+00:00,1058,33,63,121,,,,
2026-06-12T03:13:09+00:00,1059,33,63,112,,,,
2026-06-12T03:13:27+00:00,1060,33,62,106,,,,
2026-06-12T03:13:45+00:00,1061,33,62,124,,,,
2026-06-12T03:14:05+00:00,1062,33,62,119,,,,
2026-06-12T03:14:23+00:00,1063,33,62,105,,,,
2026-06-12T03:14:42+00:00,1064,33,62,108,,,,
2026-06-12T03:14:59+00:00,1065,33,62,98,,,,
2026-06-12T03:15:19+00:00,1066,33,62,110,,,,
2026-06-12T03:15:36+00:00,1067,33,62,97,,,,
2026-06-12T03:15:56+00:00,1068,33,62,128,,,,
2026-06-12T03:16:14+00:00,1069,33,62,126,,,,
2026-06-12T03:16:33+00:00,1070,33,62,121,,,,
2026-06-12T03:16:51+00:00,1071,33,62,105,,,,
2026-06-12T03:17:14+00:00,1072,33,62,112,,,,
2026-06-12T03:17:33+00:00,1073,33,62,88,,,,
2026-06-12T03:17:52+00:00,1074,33,62,101,,,,
2026-06-12T03:18:15+00:00,1075,33,62,103,,,,
2026-06-12T03:18:33+00:00,1076,33,62,107,,,,
2026-06-12T03:18:54+00:00,1077,33,63,103,,,,
2026-06-12T03:19:14+00:00,1078,33,62,102,,,,
2026-06-12T03:19:32+00:00,1079,33,62,122,,,,
2026-06-12T03:31:07+00:00,1080,0,0,208,,,,
2026-06-12T03:31:27+00:00,1081,33,63,103,,,,
2026-06-12T03:31:45+00:00,1082,33,63,64,,,,
2026-06-12T03:32:10+00:00,1083,33,63,111,,,,
2026-06-12T03:32:30+00:00,1084,33,62,105,,,,
2026-06-12T03:32:49+00:00,1085,33,62,101,,,,
2026-06-12T03:33:10+00:00,1086,33,63,89,,,,
2026-06-12T03:37:31+00:00,1087,0,0,197,,,,
2026-06-12T03:37:47+00:00,1088,,,,,,,
2026-06-12T03:38:14+00:00,1089,33,62,112,,,,
2026-06-12T03:38:34+00:00,1090,33,62,117,,,,
2026-06-12T03:38:52+00:00,1091,33,63,150,,,,
2026-06-12T03:39:14+00:00,1092,33,62,147,,,,
2026-06-12T03:39:33+00:00,1093,33,62,141,,,,
2026-06-12T03:39:51+00:00,1094,33,62,138,,,,
2026-06-12T03:40:10+00:00,1095,33,63,94,,,,
2026-06-12T03:40:29+00:00,1096,33,63,134,,,,
2026-06-12T03:40:49+00:00,1097,33,62,144,,,,
2026-06-12T03:41:09+00:00,1098,33,62,131,,,,
2026-06-12T03:41:27+00:00,1099,33,63,143,,,,
2026-06-12T04:24:42+00:00,1100,33,62,112,,,,
2026-06-12T04:25:04+00:00,1101,33,62,123,,,,
2026-06-12T04:25:26+00:00,1102,33,62,116,,,,
2026-06-12T04:25:43+00:00,1103,,,,,,,
2026-06-12T04:26:04+00:00,1104,33,62,119,,,,
2026-06-12T04:26:25+00:00,1105,33,62,108,,,,
2026-06-12T04:26:43+00:00,1106,33,62,115,,,,
2026-06-12T04:27:01+00:00,1107,33,62,113,,,,
2026-06-12T04:27:23+00:00,1108,33,62,118,,,,
2026-06-12T04:27:43+00:00,1109,33,62,110,,,,
2026-06-12T04:28:03+00:00,1110,33,62,103,,,,
2026-06-12T04:28:21+00:00,1111,33,62,112,,,,
2026-06-12T04:28:43+00:00,1112,33,62,108,,,,
2026-06-12T04:29:03+00:00,1113,33,62,119,,,,
2026-06-12T04:29:28+00:00,1114,33,62,109,,,,
2026-06-12T04:29:46+00:00,1115,33,62,112,,,,
2026-06-12T04:30:09+00:00,1116,33,62,118,,,,
2026-06-12T04:30:31+00:00,1117,33,62,104,,,,
2026-06-12T04:30:49+00:00,1118,33,62,116,,,,
2026-06-12T04:31:08+00:00,1119,33,62,107,,,,
2026-06-12T04:31:26+00:00,1120,33,62,123,,,,
2026-06-12T04:31:45+00:00,1121,33,62,112,,,,
2026-06-12T04:32:04+00:00,1122,33,62,112,,,,
2026-06-12T04:32:25+00:00,1123,33,62,113,,,,
2026-06-12T04:32:46+00:00,1124,33,62,112,,,,
2026-06-12T04:33:04+00:00,1125,33,62,113,,,,
2026-06-12T04:33:24+00:00,1126,33,62,112,,,,
2026-06-12T04:33:42+00:00,1127,33,62,110,,,,
2026-06-12T04:34:00+00:00,1128,33,62,118,,,,
2026-06-12T04:34:18+00:00,1129,33,62,112,,,,
2026-06-12T04:34:40+00:00,1130,33,62,111,,,,
2026-06-12T04:35:00+00:00,1131,33,62,112,,,,
2026-06-12T04:35:18+00:00,1132,33,62,112,,,,
2026-06-12T04:35:36+00:00,1133,33,62,116,,,,
2026-06-12T04:35:56+00:00,1134,33,62,111,,,,
2026-06-12T04:36:16+00:00,1135,33,62,122,,,,
2026-06-12T04:36:35+00:00,1136,33,62,115,,,,
2026-06-12T04:36:55+00:00,1137,33,62,112,,,,
2026-06-12T04:37:14+00:00,1138,33,62,110,,,,
2026-06-12T04:37:34+00:00,1139,33,62,112,,,,
2026-06-12T04:37:53+00:00,1140,33,62,124,,,,
2026-06-12T04:38:11+00:00,1141,33,62,110,,,,
2026-06-12T04:38:30+00:00,1142,33,62,115,,,,
2026-06-12T04:38:50+00:00,1143,33,62,112,,,,
2026-06-12T04:39:10+00:00,1144,33,62,125,,,,
2026-06-12T04:39:38+00:00,1145,33,62,105,,,,
2026-06-12T04:39:58+00:00,1146,33,62,111,,,,
2026-06-12T04:40:16+00:00,1147,33,62,108,,,,
2026-06-12T04:40:33+00:00,1148,33,62,110,,,,
2026-06-12T04:40:53+00:00,1149,33,62,113,,,,
2026-06-12T04:41:10+00:00,1150,33,62,122,,,,
2026-06-12T04:41:30+00:00,1151,33,62,113,,,,
2026-06-12T04:41:49+00:00,1152,33,62,112,,,,
2026-06-12T04:42:07+00:00,1153,33,62,106,,,,
2026-06-12T04:42:24+00:00,1154,33,62,111,,,,
2026-06-12T04:42:42+00:00,1155,33,62,114,,,,
2026-06-12T04:43:00+00:00,1156,33,62,118,,,,
2026-06-12T04:43:17+00:00,1157,33,62,107,,,,
2026-06-12T04:43:35+00:00,1158,33,62,122,,,,
2026-06-12T04:43:52+00:00,1159,33,62,106,,,,
2026-06-12T04:44:12+00:00,1160,33,62,99,,,,
2026-06-12T04:44:30+00:00,1161,33,62,109,,,,
2026-06-12T04:44:47+00:00,1162,33,62,111,,,,
2026-06-12T04:45:07+00:00,1163,33,62,105,,,,
2026-06-12T04:45:25+00:00,1164,33,62,112,,,,
2026-06-12T04:45:43+00:00,1165,33,62,112,,,,
2026-06-12T04:46:03+00:00,1166,33,62,122,,,,
2026-06-12T04:46:23+00:00,1167,33,62,112,,,,
2026-06-12T04:46:41+00:00,1168,33,62,121,,,,
2026-06-12T04:47:00+00:00,1169,33,62,123,,,,
2026-06-12T04:47:18+00:00,1170,33,62,119,,,,
2026-06-12T04:48:32+00:00,1171,33,62,124,,,,
2026-06-12T04:48:51+00:00,1172,,,,,,,
2026-06-12T04:49:13+00:00,1173,,,,,,,
2026-06-12T04:49:36+00:00,1174,33,62,126,,,,
2026-06-12T04:49:54+00:00,1175,33,62,118,,,,
2026-06-12T04:50:13+00:00,1176,33,62,118,,,,
2026-06-12T04:50:34+00:00,1177,33,62,113,,,,
2026-06-12T04:50:52+00:00,1178,33,63,127,,,,
2026-06-12T04:51:14+00:00,1179,33,62,127,,,,
2026-06-12T04:51:33+00:00,1180,33,62,112,,,,
2026-06-12T04:51:51+00:00,1181,33,62,117,,,,
2026-06-12T04:52:11+00:00,1182,33,62,112,,,,
2026-06-12T04:52:30+00:00,1183,33,62,119,,,,
2026-06-12T04:52:48+00:00,1184,33,62,116,,,,
2026-06-12T04:53:08+00:00,1185,33,62,113,,,,
2026-06-12T04:53:26+00:00,1186,33,62,112,,,,
2026-06-12T04:53:47+00:00,1187,33,62,112,,,,
2026-06-12T04:54:42+00:00,1188,33,62,123,,,,
2026-06-12T04:55:00+00:00,1189,33,61,128,,,,
2026-06-12T04:55:20+00:00,1190,33,61,111,,,,
2026-06-12T04:55:38+00:00,1191,33,61,112,,,,
2026-06-12T04:55:56+00:00,1192,33,61,118,,,,
2026-06-12T04:56:17+00:00,1193,33,61,111,,,,
2026-06-12T04:56:38+00:00,1194,33,61,112,,,,
2026-06-12T04:56:59+00:00,1195,33,61,115,,,,
2026-06-12T04:57:18+00:00,1196,33,61,106,,,,
2026-06-12T04:57:37+00:00,1197,33,61,112,,,,
2026-06-12T04:57:59+00:00,1198,33,61,113,,,,
2026-06-12T04:58:21+00:00,1199,33,61,112,,,,
2026-06-12T04:58:43+00:00,1200,33,61,123,,,,
2026-06-12T04:59:00+00:00,1201,33,61,99,,,,
2026-06-12T04:59:18+00:00,1202,33,61,112,,,,
2026-06-12T04:59:36+00:00,1203,33,61,117,,,,
2026-06-12T04:59:55+00:00,1204,33,61,128,,,,
2026-06-12T05:00:15+00:00,1205,33,61,101,,,,
2026-06-12T05:00:34+00:00,1206,33,61,106,,,,
2026-06-12T05:00:55+00:00,1207,33,61,112,,,,
2026-06-12T05:01:18+00:00,1208,33,61,118,,,,
2026-06-12T05:01:37+00:00,1209,33,61,112,,,,
2026-06-12T05:01:57+00:00,1210,33,61,114,,,,
2026-06-12T05:02:14+00:00,1211,33,61,126,,,,
2026-06-12T05:02:35+00:00,1212,33,61,105,,,,
2026-06-12T05:02:54+00:00,1213,33,61,105,,,,
2026-06-12T05:03:15+00:00,1214,33,61,114,,,,
2026-06-12T05:03:33+00:00,1215,33,61,112,,,,
2026-06-12T05:03:53+00:00,1216,33,61,122,,,,
2026-06-12T05:04:11+00:00,1217,33,61,115,,,,
2026-06-12T05:04:32+00:00,1218,33,61,113,,,,
2026-06-12T05:04:50+00:00,1219,33,61,113,,,,
2026-06-12T05:05:10+00:00,1220,33,61,112,,,,
2026-06-12T05:05:28+00:00,1221,33,61,106,,,,
2026-06-12T05:05:46+00:00,1222,33,61,99,,,,
2026-06-12T05:06:06+00:00,1223,33,61,117,,,,
2026-06-12T05:06:26+00:00,1224,33,61,112,,,,
2026-06-12T05:06:46+00:00,1225,33,61,115,,,,
2026-06-12T05:07:05+00:00,1226,33,61,112,,,,
2026-06-12T05:07:27+00:00,1227,33,61,114,,,,
2026-06-12T05:07:46+00:00,1228,33,61,115,,,,
2026-06-12T05:08:04+00:00,1229,33,61,112,,,,
2026-06-12T05:08:25+00:00,1230,33,60,103,,,,
2026-06-12T05:08:44+00:00,1231,33,60,101,,,,
2026-06-12T05:09:03+00:00,1232,33,60,112,,,,
2026-06-14T17:54:12+00:00,1233,0,0,834,,,,
2026-06-14T17:54:28+00:00,1234,,,,,,,
2026-06-14T17:54:52+00:00,1235,31,72,719,,,,
2026-06-14T17:55:13+00:00,1236,31,72,688,,,,
2026-06-14T17:55:31+00:00,1237,31,72,658,,,,
2026-06-14T17:55:51+00:00,1238,31,72,629,,,,
2026-06-14T17:56:10+00:00,1239,31,72,600,,,,
2026-06-14T17:56:29+00:00,1240,32,72,575,,,,
2026-06-14T17:56:50+00:00,1241,32,71,546,,,,
2026-06-14T17:57:05+00:00,1242,,,,,,,
2026-06-14T17:57:31+00:00,1243,32,71,492,,,,
2026-06-14T17:57:49+00:00,1244,,,,,,,
2026-06-14T17:58:17+00:00,1245,,,,,,,
2026-06-14T17:58:34+00:00,1246,,,,,,,
2026-06-14T17:59:06+00:00,1247,32,71,421,,,,
2026-06-14T17:59:27+00:00,1248,32,71,405,,,,
2026-06-14T17:59:46+00:00,1249,32,71,383,,,,
2026-06-14T18:00:06+00:00,1250,32,71,380,,,,
2026-06-14T18:00:24+00:00,1251,32,71,368,,,,
2026-06-14T18:00:44+00:00,1252,32,71,359,,,,
2026-06-14T18:01:02+00:00,1253,32,71,359,,,,
2026-06-14T18:01:23+00:00,1254,32,71,345,,,,
2026-06-14T18:01:42+00:00,1255,,,,,,,
2026-06-14T18:01:59+00:00,1256,,,,,,,
2026-06-14T18:02:34+00:00,1257,32,71,313,,,,
2026-06-14T18:02:53+00:00,1258,32,71,309,,,,
2026-06-14T18:03:20+00:00,1259,32,71,305,,,,
2026-06-14T18:03:40+00:00,1260,32,71,301,,,,
2026-06-14T18:04:04+00:00,1261,32,71,287,,,,
2026-06-14T18:04:25+00:00,1262,32,71,293,,,,
2026-06-14T18:04:43+00:00,1263,32,71,273,,,,
2026-06-14T18:06:10+00:00,1264,32,72,265,,,,
2026-06-14T18:06:31+00:00,1265,31,72,258,,,,
2026-06-14T18:06:49+00:00,1266,31,72,258,,,,
2026-06-14T18:07:08+00:00,1267,31,72,240,,,,
2026-06-14T18:07:35+00:00,1268,31,72,238,,,,
2026-06-14T18:07:57+00:00,1269,31,72,240,,,,
2026-06-14T18:08:17+00:00,1270,31,72,227,,,,
2026-06-14T18:08:35+00:00,1271,31,72,240,,,,
2026-06-14T18:08:58+00:00,1272,31,72,231,,,,
2026-06-14T18:09:16+00:00,1273,31,72,235,,,,
2026-06-14T18:09:37+00:00,1274,31,72,218,,,,
2026-06-14T18:09:55+00:00,1275,32,71,223,,,,
2026-06-14T18:10:13+00:00,1276,32,71,211,,,,
2026-06-14T18:10:33+00:00,1277,32,71,212,,,,
2026-06-14T18:10:53+00:00,1278,32,71,208,,,,
2026-06-14T18:11:12+00:00,1279,32,71,209,,,,
2026-06-14T18:11:31+00:00,1280,32,71,205,,,,
2026-06-14T18:11:53+00:00,1281,32,71,204,,,,
2026-06-14T18:12:11+00:00,1282,31,72,194,,,,
2026-06-14T18:12:31+00:00,1283,31,72,202,,,,
2026-06-14T18:12:49+00:00,1284,31,72,198,,,,
2026-06-14T18:13:08+00:00,1285,31,72,182,,,,
2026-06-14T18:13:26+00:00,1286,31,72,192,,,,
2026-06-14T18:49:57+00:00,1287,0,0,240,,,,
2026-06-14T18:50:17+00:00,1288,,,,,,,
2026-06-14T19:08:30+00:00,1289,0,0,176,,,,
2026-06-14T19:08:52+00:00,1290,31,73,170,,,,
2026-06-14T19:09:13+00:00,1291,31,73,176,,,,
2026-06-14T19:09:32+00:00,1292,31,72,175,,,,
2026-06-14T19:09:52+00:00,1293,32,72,151,,,,
2026-06-14T19:10:12+00:00,1294,32,72,163,,,,
2026-06-14T19:10:32+00:00,1295,32,72,159,,,,
2026-06-14T19:10:52+00:00,1296,32,72,150,,,,
2026-06-14T19:11:11+00:00,1297,32,71,141,,,,
2026-06-14T19:11:29+00:00,1298,32,72,141,,,,
2026-06-14T19:11:50+00:00,1299,32,72,144,,,,
2026-06-14T19:12:09+00:00,1300,32,72,144,,,,
2026-06-14T19:23:50+00:00,1301,0,0,174,,,,
2026-06-14T19:24:09+00:00,1302,,,,,,,
2026-06-14T19:24:35+00:00,1303,31,73,144,,,,
2026-06-14T19:24:53+00:00,1304,31,73,147,,,,
2026-06-14T19:25:13+00:00,1305,31,72,141,,,,
2026-06-14T19:25:31+00:00,1306,31,72,140,,,,
2026-06-14T19:25:50+00:00,1307,31,72,138,,,,
2026-06-14T19:26:11+00:00,1308,31,72,134,,,,
2026-06-14T19:26:30+00:00,1309,31,73,124,,,,
2026-06-14T19:26:50+00:00,1310,31,72,128,,,,
2026-06-14T19:27:14+00:00,1311,31,72,129,,,,
2026-06-14T19:27:36+00:00,1312,31,72,123,,,,
2026-06-14T19:27:54+00:00,1313,31,73,117,,,,
2026-06-14T19:28:10+00:00,1314,,,,,,,
2026-06-14T19:28:38+00:00,1315,31,72,117,,,,
2026-06-14T19:28:56+00:00,1316,31,72,112,,,,
2026-06-14T19:29:14+00:00,1317,31,72,112,,,,
2026-06-14T19:29:33+00:00,1318,,,,,,,
2026-06-14T19:30:57+00:00,1319,31,72,113,,,,
2026-06-14T19:31:15+00:00,1320,31,73,106,,,,
2026-06-14T19:31:35+00:00,1321,31,72,103,,,,
2026-06-14T19:32:00+00:00,1322,31,72,85,,,,
2026-06-14T19:32:18+00:00,1323,31,72,106,,,,
2026-06-14T19:32:37+00:00,1324,31,73,109,,,,
2026-06-14T19:32:56+00:00,1325,31,72,101,,,,
2026-06-14T19:33:16+00:00,1326,31,72,105,,,,
2026-06-14T19:33:35+00:00,1327,31,72,104,,,,
2026-06-14T19:33:54+00:00,1328,31,73,101,,,,
2026-06-14T19:34:15+00:00,1329,,,,,,,
2026-06-14T19:34:37+00:00,1330,,,,,,,
2026-06-14T19:35:05+00:00,1331,31,73,103,,,,
2026-06-14T19:35:24+00:00,1332,31,72,103,,,,
2026-06-14T19:35:44+00:00,1333,31,72,109,,,,
2026-06-14T19:36:04+00:00,1334,31,72,98,,,,
2026-06-14T19:36:24+00:00,1335,31,72,102,,,,
2026-06-14T19:36:42+00:00,1336,31,72,103,,,,
2026-06-14T19:37:04+00:00,1337,31,72,96,,,,
2026-06-14T19:37:22+00:00,1338,31,72,97,,,,
2026-06-14T19:37:41+00:00,1339,31,72,91,,,,
2026-06-14T19:37:59+00:00,1340,31,72,107,,,,
2026-06-14T19:38:18+00:00,1341,31,72,102,,,,
2026-06-14T19:38:36+00:00,1342,31,72,99,,,,
2026-06-14T19:38:56+00:00,1343,31,72,97,,,,
2026-06-14T19:39:15+00:00,1344,31,72,95,,,,
2026-06-14T19:39:34+00:00,1345,31,72,87,,,,
2026-06-14T19:39:53+00:00,1346,31,72,95,,,,
2026-06-14T19:40:13+00:00,1347,31,72,99,,,,
2026-06-14T19:40:31+00:00,1348,31,72,105,,,,
2026-06-14T19:40:49+00:00,1349,31,72,94,,,,
2026-06-14T19:41:09+00:00,1350,31,72,95,,,,
2026-06-14T19:41:31+00:00,1351,31,72,89,,,,
2026-06-14T19:41:50+00:00,1352,31,72,95,,,,
2026-06-14T19:42:09+00:00,1353,31,72,86,,,,
2026-06-14T19:42:28+00:00,1354,31,72,86,,,,
2026-06-14T19:42:46+00:00,1355,31,72,93,,,,
2026-06-14T19:43:07+00:00,1356,,,,,,,
2026-06-14T19:43:31+00:00,1357,31,72,91,,,,
2026-06-14T19:43:53+00:00,1358,31,72,81,,,,
2026-06-14T19:44:11+00:00,1359,31,72,81,,,,
2026-06-14T19:44:29+00:00,1360,31,72,86,,,,
2026-06-14T19:44:52+00:00,1361,31,72,96,,,,
2026-06-14T19:45:21+00:00,1362,31,72,85,,,,
2026-06-14T19:45:39+00:00,1363,31,73,80,,,,
2026-06-14T19:45:58+00:00,1364,31,72,103,,,,
2026-06-14T19:46:17+00:00,1365,31,72,93,,,,
2026-06-14T19:46:37+00:00,1366,31,73,80,,,,
2026-06-14T19:46:56+00:00,1367,31,73,98,,,,
2026-06-14T19:47:16+00:00,1368,31,72,87,,,,
2026-06-14T19:47:35+00:00,1369,31,73,99,,,,
2026-06-14T19:47:55+00:00,1370,31,72,106,,,,
2026-06-14T19:48:13+00:00,1371,31,72,94,,,,
2026-06-14T19:48:32+00:00,1372,31,73,85,,,,
2026-06-14T19:48:53+00:00,1373,31,73,86,,,,
2026-06-14T19:49:13+00:00,1374,31,73,96,,,,
2026-06-14T19:49:31+00:00,1375,31,72,92,,,,
2026-06-14T20:06:53+00:00,1376,0,0,154,,,,
2026-06-14T20:07:13+00:00,1377,31,72,77,,,,
2026-06-14T20:07:31+00:00,1378,31,72,30,,,,
2026-06-14T20:07:51+00:00,1379,31,73,80,,,,
2026-06-14T20:08:09+00:00,1380,31,72,3,,,,
2026-06-14T20:08:28+00:00,1381,,,,,,,
2026-06-14T20:08:53+00:00,1382,31,72,16,,,,
2026-06-14T20:09:13+00:00,1383,31,72,5,,,,
2026-06-14T20:09:31+00:00,1384,31,72,73,,,,
2026-06-14T20:09:52+00:00,1385,,,,,,,
2026-06-14T20:21:10+00:00,1386,0,0,128,,,,
2026-06-14T20:21:29+00:00,1387,31,72,128,,,,
2026-06-14T20:21:48+00:00,1388,31,73,118,,,,
2026-06-14T20:22:08+00:00,1389,31,73,124,,,,
2026-06-14T20:22:31+00:00,1390,31,72,123,,,,
2026-06-14T20:22:50+00:00,1391,31,73,112,,,,
2026-06-14T20:33:42+00:00,1392,0,0,165,,,,
2026-06-14T20:34:04+00:00,1393,32,71,148,,,,
2026-06-14T20:34:22+00:00,1394,,,,,,,
2026-06-14T20:34:44+00:00,1395,32,71,144,,,,
2026-06-14T20:35:05+00:00,1396,32,71,139,,,,
2026-06-14T20:35:23+00:00,1397,32,71,144,,,,
2026-06-14T20:35:42+00:00,1398,32,71,121,,,,
2026-06-14T20:36:02+00:00,1399,32,71,118,,,,
2026-06-14T20:36:26+00:00,1400,32,71,113,,,,
2026-06-14T20:36:45+00:00,1401,32,71,112,,,,
2026-06-14T20:37:04+00:00,1402,32,71,113,,,,
2026-06-14T20:37:24+00:00,1403,32,71,106,,,,
2026-06-15T19:26:30+00:00,1404,0,0,301,,,,
2026-06-15T19:26:49+00:00,1405,31,75,295,,,,
2026-06-15T19:27:08+00:00,1406,31,74,282,,,,
2026-06-15T19:27:30+00:00,1407,31,75,273,,,,
2026-06-15T19:27:57+00:00,1408,,,,,,,
2026-06-15T19:39:48+00:00,1409,31,75,160,,,,
2026-06-15T19:40:07+00:00,1410,31,74,171,,,,
2026-06-15T19:40:25+00:00,1411,31,74,162,,,,
2026-06-15T19:40:45+00:00,1412,31,74,171,,,,
2026-06-15T19:41:05+00:00,1413,31,74,163,,,,
2026-06-15T19:41:25+00:00,1414,31,74,161,,,,
2026-06-15T19:41:43+00:00,1415,31,74,165,,,,
2026-06-15T19:59:15+00:00,1416,,,,,,,
2026-06-15T19:59:38+00:00,1417,31,74,147,,,,
2026-06-15T19:59:57+00:00,1418,31,74,133,,,,
2026-06-15T20:00:15+00:00,1419,31,74,137,,,,
2026-06-15T20:00:37+00:00,1420,31,74,135,,,,
2026-06-15T20:00:58+00:00,1421,31,74,133,,,,
2026-06-15T20:01:16+00:00,1422,31,74,137,,,,
2026-06-15T20:14:00+00:00,1423,,,,,,,
2026-06-15T20:14:27+00:00,1424,31,74,128,,,,
2026-06-15T20:14:47+00:00,1425,31,74,139,,,,
2026-06-15T20:15:07+00:00,1426,31,74,130,,,,
2026-06-15T20:16:11+00:00,1427,31,74,144,,,,
2026-06-15T20:16:30+00:00,1428,31,74,135,,,,
2026-06-15T20:16:47+00:00,1429,,,,,,,
2026-06-15T20:17:11+00:00,1430,31,74,133,,,,
2026-06-15T20:17:27+00:00,1431,,,,,,,
2026-06-15T20:42:13+00:00,1432,31,74,139,,,,
2026-06-15T20:42:30+00:00,1433,31,74,144,,,,
2026-06-15T20:42:51+00:00,1434,31,74,140,,,,
2026-06-15T20:43:09+00:00,1435,31,74,142,,,,
2026-06-16T02:32:48+00:00,1436,0,0,377,,,,
2026-06-16T02:33:08+00:00,1437,28,53,339,,,,
2026-06-16T02:33:27+00:00,1438,28,52,322,,,,
2026-06-16T02:33:45+00:00,1439,28,52,297,,,,
2026-06-16T02:34:03+00:00,1440,28,51,300,,,,
2026-06-16T02:34:23+00:00,1441,,,,,,,
2026-06-16T02:34:45+00:00,1442,28,51,271,,,,
2026-06-16T02:35:06+00:00,1443,28,51,251,,,,
2026-06-16T02:35:30+00:00,1444,28,52,249,,,,
2026-06-16T02:35:51+00:00,1445,28,51,226,,,,
2026-06-16T02:36:09+00:00,1446,28,54,225,,,,
2026-06-16T02:36:30+00:00,1447,29,53,240,,,,
2026-06-16T02:47:39+00:00,1448,29,52,156,,,,
2026-06-16T02:48:06+00:00,1449,27,50,155,,,,
2026-06-16T02:48:25+00:00,1450,27,50,163,,,,
2026-06-16T02:48:41+00:00,1451,,,,,,,
2026-06-16T02:49:06+00:00,1452,28,50,145,,,,
2026-06-16T02:49:28+00:00,1453,28,50,142,,,,
2026-06-16T02:49:50+00:00,1454,28,50,141,,,,
2026-06-16T02:50:09+00:00,1455,28,50,147,,,,
2026-06-16T02:50:27+00:00,1456,28,50,144,,,,
2026-06-16T02:50:47+00:00,1457,28,50,154,,,,
2026-06-16T02:51:07+00:00,1458,28,50,155,,,,
2026-06-16T02:51:26+00:00,1459,28,50,146,,,,
2026-06-16T03:01:43+00:00,1460,28,50,203,,,,
2026-06-16T03:02:01+00:00,1461,26,53,188,,,,
2026-06-16T03:02:20+00:00,1462,26,53,186,,,,
2026-06-16T03:02:39+00:00,1463,26,53,182,,,,
2026-06-16T03:03:00+00:00,1464,27,52,175,,,,
2026-06-16T03:03:18+00:00,1465,27,52,171,,,,
2026-06-16T03:03:35+00:00,1466,,,,,,,
2026-06-16T03:03:58+00:00,1467,,,,,,,
2026-06-16T03:04:24+00:00,1468,27,52,173,,,,
2026-06-16T03:04:43+00:00,1469,27,52,171,,,,
2026-06-16T03:05:04+00:00,1470,27,52,178,,,,
2026-06-16T03:05:22+00:00,1471,27,52,164,,,,
2026-06-16T03:05:45+00:00,1472,27,52,166,,,,
2026-06-16T03:06:04+00:00,1473,27,52,170,,,,
2026-06-16T03:06:23+00:00,1474,27,52,171,,,,
2026-06-16T03:06:44+00:00,1475,27,52,171,,,,
2026-06-16T03:07:05+00:00,1476,27,52,166,,,,
2026-06-16T03:07:23+00:00,1477,27,52,154,,,,
2026-06-16T03:08:18+00:00,1478,27,52,170,,,,
2026-06-16T03:08:36+00:00,1479,27,52,163,,,,
2026-06-16T03:08:56+00:00,1480,27,52,166,,,,
2026-06-16T03:09:15+00:00,1481,27,52,149,,,,
2026-06-16T03:09:33+00:00,1482,27,51,151,,,,
2026-06-16T03:09:52+00:00,1483,27,51,144,,,,
2026-06-16T03:10:13+00:00,1484,27,52,144,,,,
2026-06-16T03:10:32+00:00,1485,27,52,139,,,,
2026-06-16T03:10:50+00:00,1486,27,52,146,,,,
2026-06-16T03:11:09+00:00,1487,27,52,144,,,,
2026-06-16T03:11:28+00:00,1488,27,52,140,,,,
2026-06-16T03:11:47+00:00,1489,27,51,144,,,,
2026-06-16T03:12:07+00:00,1490,27,52,147,,,,
2026-06-16T03:12:25+00:00,1491,27,52,144,,,,
2026-06-16T03:12:45+00:00,1492,27,52,147,,,,
2026-06-16T03:13:50+00:00,1493,27,52,143,,,,
2026-06-16T03:14:08+00:00,1494,27,52,144,,,,
2026-06-16T03:14:27+00:00,1495,27,52,139,,,,
2026-06-16T03:18:06+00:00,1496,27,52,142,,,,
2026-06-16T03:18:24+00:00,1497,27,52,145,,,,
2026-06-16T03:18:42+00:00,1498,27,52,133,,,,
2026-06-16T03:19:02+00:00,1499,27,52,133,,,,
2026-06-16T03:19:20+00:00,1500,27,52,139,,,,
2026-06-16T03:19:38+00:00,1501,27,52,132,,,,
2026-06-16T03:19:54+00:00,1502,,,,,,,
2026-06-16T03:21:45+00:00,1503,27,53,133,,,,
2026-06-16T03:22:04+00:00,1504,27,52,144,,,,
2026-06-16T03:22:25+00:00,1505,27,52,126,,,,
2026-06-16T03:22:44+00:00,1506,26,52,128,,,,
2026-06-16T03:23:01+00:00,1507,26,52,135,,,,
2026-06-16T03:23:21+00:00,1508,26,52,128,,,,
2026-06-16T03:25:14+00:00,1509,0,0,160,,,,
2026-06-16T03:25:33+00:00,1510,26,52,166,,,,
2026-06-16T03:25:51+00:00,1511,26,52,153,,,,
2026-06-16T03:26:09+00:00,1512,26,53,146,,,,
2026-06-16T03:26:28+00:00,1513,26,53,135,,,,
2026-06-16T03:26:48+00:00,1514,26,53,144,,,,
2026-06-16T03:27:57+00:00,1515,26,53,144,,,,
2026-06-16T03:28:16+00:00,1516,26,52,144,,,,
2026-06-16T03:28:36+00:00,1517,26,53,137,,,,
2026-06-16T03:30:28+00:00,1518,26,53,147,,,,
2026-06-16T03:30:47+00:00,1519,26,53,138,,,,
2026-06-16T03:31:05+00:00,1520,,,,,,,
2026-06-16T03:31:26+00:00,1521,26,53,142,,,,
2026-06-16T03:31:41+00:00,1522,,,,,,,
2026-06-16T03:32:02+00:00,1523,26,53,140,,,,
2026-06-16T03:32:20+00:00,1524,26,53,142,,,,
2026-06-16T03:32:39+00:00,1525,26,53,127,,,,
2026-06-16T03:33:17+00:00,1526,26,52,138,,,,
2026-06-16T03:33:35+00:00,1527,26,53,132,,,,
2026-06-16T03:33:54+00:00,1528,26,53,130,,,,
2026-06-16T03:34:11+00:00,1529,26,53,128,,,,
2026-06-16T03:34:29+00:00,1530,26,52,144,,,,
2026-06-16T03:34:47+00:00,1531,26,52,126,,,,
2026-06-16T03:35:05+00:00,1532,26,53,144,,,,
2026-06-16T03:35:24+00:00,1533,26,53,124,,,,
2026-06-16T03:35:42+00:00,1534,26,52,130,,,,
2026-06-16T03:36:02+00:00,1535,26,52,133,,,,
2026-06-16T03:36:21+00:00,1536,26,52,135,,,,
2026-06-16T03:36:39+00:00,1537,26,53,126,,,,
2026-06-16T03:36:57+00:00,1538,26,52,129,,,,
2026-06-16T03:40:18+00:00,1539,26,53,130,,,,
2026-06-16T03:40:36+00:00,1540,26,52,114,,,,
2026-06-16T03:40:55+00:00,1541,26,52,125,,,,
2026-06-16T03:41:14+00:00,1542,26,52,128,,,,
2026-06-16T03:41:32+00:00,1543,26,52,141,,,,
2026-06-16T03:41:51+00:00,1544,26,52,125,,,,
2026-06-16T03:42:09+00:00,1545,26,52,123,,,,
2026-06-16T03:42:27+00:00,1546,26,53,134,,,,
2026-06-16T03:46:24+00:00,1547,0,0,175,,,,
2026-06-16T03:46:41+00:00,1548,26,53,164,,,,
2026-06-16T03:46:59+00:00,1549,26,53,150,,,,
2026-06-16T03:47:17+00:00,1550,26,53,162,,,,
2026-06-16T03:53:12+00:00,1551,26,53,158,,,,
2026-06-16T03:53:30+00:00,1552,26,53,144,,,,
2026-06-16T03:53:48+00:00,1553,26,53,145,,,,
2026-06-16T03:54:07+00:00,1554,26,53,149,,,,
2026-06-16T03:54:25+00:00,1555,26,53,141,,,,
2026-06-16T03:54:44+00:00,1556,26,53,158,,,,
2026-06-16T03:55:02+00:00,1557,26,53,138,,,,
2026-06-16T03:55:20+00:00,1558,26,53,141,,,,
2026-06-16T03:55:39+00:00,1559,26,53,148,,,,
2026-06-16T03:55:57+00:00,1560,26,53,144,,,,
2026-06-16T03:56:16+00:00,1561,26,53,148,,,,
2026-06-16T04:13:40+00:00,1562,0,0,181,,,,
2026-06-16T04:13:59+00:00,1563,26,53,179,,,,
2026-06-16T04:14:16+00:00,1564,,,,,,,
2026-06-16T04:14:38+00:00,1565,26,53,170,,,,
2026-06-16T04:14:55+00:00,1566,26,53,170,,,,
2026-06-16T04:15:14+00:00,1567,,,,,,,
2026-06-16T04:15:38+00:00,1568,26,52,171,,,,
2026-06-16T04:15:58+00:00,1569,26,52,164,,,,
2026-06-16T04:16:18+00:00,1570,26,52,165,,,,
2026-06-16T04:16:38+00:00,1571,26,52,166,,,,
2026-06-16T04:16:56+00:00,1572,26,52,161,,,,
2026-06-16T04:17:14+00:00,1573,27,52,163,,,,
2026-06-16T04:17:31+00:00,1574,27,52,157,,,,
2026-06-16T04:17:51+00:00,1575,27,51,169,,,,
2026-06-16T04:18:09+00:00,1576,27,51,169,,,,
2026-06-16T04:18:29+00:00,1577,27,51,157,,,,
2026-06-16T04:18:47+00:00,1578,27,51,151,,,,
2026-06-16T04:19:05+00:00,1579,27,51,143,,,,
2026-06-16T04:19:26+00:00,1580,27,51,169,,,,
2026-06-16T04:19:44+00:00,1581,27,51,142,,,,
2026-06-16T04:20:03+00:00,1582,27,51,153,,,,
2026-06-16T04:20:21+00:00,1583,27,51,144,,,,
2026-06-16T04:20:39+00:00,1584,27,51,145,,,,
2026-06-16T04:20:56+00:00,1585,27,51,153,,,,
2026-06-16T04:21:14+00:00,1586,27,51,144,,,,
2026-06-16T04:21:34+00:00,1587,27,51,147,,,,
2026-06-16T04:21:52+00:00,1588,27,51,144,,,,
2026-06-16T04:22:10+00:00,1589,27,51,145,,,,
2026-06-16T04:46:51+00:00,1590,0,0,178,,,,
2026-06-16T04:47:11+00:00,1591,,,,,,,
2026-06-16T04:47:37+00:00,1592,,,,,,,
2026-06-16T04:47:59+00:00,1593,24,58,177,,,,
2026-06-16T04:48:19+00:00,1594,24,58,162,,,,
2026-06-16T04:48:39+00:00,1595,24,58,158,,,,
2026-06-16T04:48:59+00:00,1596,24,58,167,,,,
2026-06-16T04:49:19+00:00,1597,24,58,174,,,,
2026-06-16T04:49:37+00:00,1598,24,58,170,,,,
2026-06-16T04:49:58+00:00,1599,24,58,154,,,,
2026-06-16T04:50:18+00:00,1600,24,58,157,,,,
2026-06-16T04:50:37+00:00,1601,24,58,166,,,,
2026-06-16T04:50:57+00:00,1602,24,58,165,,,,
2026-06-16T04:51:13+00:00,1603,,,,,,,
2026-06-16T04:51:38+00:00,1604,24,58,149,,,,
2026-06-16T04:51:57+00:00,1605,,,,,,,
2026-06-16T04:54:34+00:00,1606,0,0,199,,,,
2026-06-16T04:54:51+00:00,1607,24,58,197,,,,
2026-06-16T04:55:11+00:00,1608,24,58,186,,,,
2026-06-16T04:55:30+00:00,1609,24,58,183,,,,
2026-06-16T04:55:49+00:00,1610,24,58,174,,,,
2026-06-16T04:57:14+00:00,1611,0,0,185,,,,
2026-06-16T04:57:32+00:00,1612,24,58,177,,,,
2026-06-16T04:57:50+00:00,1613,24,58,170,,,,
2026-06-16T04:58:13+00:00,1614,24,58,171,,,,
2026-06-16T04:58:32+00:00,1615,24,58,161,,,,
2026-06-16T04:59:13+00:00,1616,24,58,153,,,,
2026-06-16T04:59:32+00:00,1617,24,58,167,,,,
2026-06-16T04:59:50+00:00,1618,24,58,165,,,,
2026-06-16T05:00:12+00:00,1619,24,58,168,,,,
2026-06-16T05:00:34+00:00,1620,24,58,169,,,,
2026-06-16T05:00:53+00:00,1621,,,,,,,
2026-06-16T05:01:23+00:00,1622,,,,,,,
2026-06-16T05:01:47+00:00,1623,24,58,146,,,,
2026-06-16T05:02:09+00:00,1624,24,58,150,,,,
2026-06-16T05:02:31+00:00,1625,24,58,144,,,,
2026-06-16T05:03:17+00:00,1626,24,58,149,,,,
2026-06-16T05:03:37+00:00,1627,24,58,151,,,,
2026-06-16T05:03:59+00:00,1628,24,58,145,,,,
2026-06-16T05:04:17+00:00,1629,24,58,158,,,,
2026-06-16T05:04:37+00:00,1630,24,58,139,,,,
2026-06-16T05:04:55+00:00,1631,,,,,,,
2026-06-16T05:05:13+00:00,1632,,,,,,,
2026-06-16T05:05:36+00:00,1633,24,58,144,,,,
2026-06-16T05:06:12+00:00,1634,24,58,149,,,,
2026-06-16T05:06:32+00:00,1635,25,57,157,,,,
2026-06-16T05:06:51+00:00,1636,25,57,155,,,,
2026-06-16T05:07:09+00:00,1637,25,57,153,,,,
2026-06-16T05:07:29+00:00,1638,25,57,144,,,,
2026-06-16T05:07:49+00:00,1639,25,57,144,,,,
2026-06-16T05:08:08+00:00,1640,25,57,140,,,,
2026-06-16T05:08:27+00:00,1641,,,,,,,
2026-06-16T05:08:50+00:00,1642,25,57,142,,,,
2026-06-16T05:09:09+00:00,1643,25,57,144,,,,
2026-06-16T05:09:27+00:00,1644,25,57,147,,,,
2026-06-16T05:10:24+00:00,1645,25,57,143,,,,
2026-06-16T05:10:42+00:00,1646,25,58,144,,,,
2026-06-16T05:11:01+00:00,1647,25,58,161,,,,
2026-06-16T05:11:19+00:00,1648,25,57,134,,,,
2026-06-16T05:11:38+00:00,1649,,,,,,,
2026-06-16T05:12:01+00:00,1650,25,57,145,,,,
2026-06-16T05:12:20+00:00,1651,25,57,150,,,,
2026-06-16T05:12:39+00:00,1652,25,57,144,,,,
2026-06-16T05:12:57+00:00,1653,25,57,138,,,,
2026-06-16T05:13:17+00:00,1654,25,57,146,,,,
2026-06-16T05:13:34+00:00,1655,,,,,,,
2026-06-16T05:14:01+00:00,1656,,,,,,,
2026-06-16T05:15:02+00:00,1657,25,57,140,,,,
2026-06-16T05:15:21+00:00,1658,25,58,149,,,,
2026-06-16T05:15:39+00:00,1659,25,57,143,,,,
2026-06-16T05:15:59+00:00,1660,25,57,144,,,,
2026-06-16T05:16:18+00:00,1661,25,57,144,,,,
2026-06-16T05:16:36+00:00,1662,25,57,144,,,,
2026-06-16T05:16:56+00:00,1663,25,57,141,,,,
2026-06-16T05:17:13+00:00,1664,25,57,134,,,,
2026-06-16T05:17:32+00:00,1665,25,57,128,,,,
2026-06-16T05:17:49+00:00,1666,25,57,146,,,,
2026-06-16T05:18:08+00:00,1667,25,57,133,,,,
2026-06-16T05:18:26+00:00,1668,25,57,143,,,,
2026-06-16T05:18:46+00:00,1669,25,57,142,,,,
2026-06-16T05:19:04+00:00,1670,25,57,147,,,,
2026-06-16T05:19:23+00:00,1671,25,57,149,,,,
2026-06-16T05:20:56+00:00,1672,25,57,139,,,,
2026-06-16T05:21:14+00:00,1673,25,59,140,,,,
2026-06-16T05:21:32+00:00,1674,25,57,137,,,,
2026-06-16T05:21:51+00:00,1675,25,57,131,,,,
2026-06-16T05:22:11+00:00,1676,25,57,135,,,,
2026-06-16T05:22:30+00:00,1677,25,57,137,,,,
2026-06-16T05:28:19+00:00,1678,0,0,183,,,,
2026-06-16T05:28:37+00:00,1679,24,59,189,,,,
2026-06-16T05:28:55+00:00,1680,24,59,171,,,,
2026-06-16T05:29:13+00:00,1681,24,59,163,,,,
2026-06-16T05:29:33+00:00,1682,24,59,158,,,,
2026-06-16T05:29:52+00:00,1683,24,59,169,,,,
2026-06-16T05:30:11+00:00,1684,24,59,157,,,,
2026-06-16T05:30:30+00:00,1685,24,59,169,,,,
2026-06-16T05:34:56+00:00,1686,0,0,176,,,,
2026-06-16T05:35:16+00:00,1687,23,63,160,,,,
2026-06-16T05:35:33+00:00,1688,,,,,,,
2026-06-16T05:35:58+00:00,1689,23,62,142,,,,
2026-06-16T05:36:16+00:00,1690,23,62,148,,,,
2026-06-16T05:36:35+00:00,1691,23,62,157,,,,
2026-06-16T05:36:55+00:00,1692,23,62,154,,,,
2026-06-16T05:37:14+00:00,1693,23,62,151,,,,
2026-06-16T05:37:32+00:00,1694,23,62,151,,,,
2026-06-16T05:37:50+00:00,1695,23,62,169,,,,
2026-06-16T05:38:08+00:00,1696,23,62,157,,,,
2026-06-16T05:38:27+00:00,1697,23,62,144,,,,
2026-06-16T05:38:46+00:00,1698,23,63,154,,,,
2026-06-16T05:39:05+00:00,1699,23,63,145,,,,
2026-06-16T05:39:23+00:00,1700,23,63,155,,,,
2026-06-16T05:39:41+00:00,1701,23,63,161,,,,
2026-06-16T05:40:00+00:00,1702,23,63,146,,,,
2026-06-16T05:40:18+00:00,1703,23,63,153,,,,
2026-06-16T05:40:36+00:00,1704,23,63,146,,,,
2026-06-16T05:40:56+00:00,1705,23,63,150,,,,
2026-06-16T05:41:14+00:00,1706,23,63,146,,,,
2026-06-16T05:41:32+00:00,1707,23,63,150,,,,
2026-06-16T05:41:50+00:00,1708,23,63,145,,,,
2026-06-16T05:42:09+00:00,1709,23,63,144,,,,
2026-06-16T05:42:30+00:00,1710,23,63,149,,,,
2026-06-16T05:42:50+00:00,1711,23,63,144,,,,
2026-06-16T05:43:10+00:00,1712,23,63,144,,,,
2026-06-16T05:43:30+00:00,1713,23,63,138,,,,
2026-06-16T05:43:50+00:00,1714,23,63,144,,,,
2026-06-16T05:44:12+00:00,1715,23,63,142,,,,
2026-06-16T05:45:02+00:00,1716,23,63,139,,,,
2026-06-16T05:45:23+00:00,1717,,,,,,,
2026-06-16T05:45:45+00:00,1718,23,63,150,,,,
2026-06-16T05:46:05+00:00,1719,23,63,144,,,,
2026-06-16T05:46:25+00:00,1720,23,63,143,,,,
2026-06-16T05:46:41+00:00,1721,,,,,,,
2026-06-16T05:47:04+00:00,1722,23,63,137,,,,
2026-06-16T05:47:53+00:00,1723,23,63,139,,,,
2026-06-16T05:48:13+00:00,1724,23,64,130,,,,
2026-06-16T05:48:32+00:00,1725,23,64,141,,,,
2026-06-16T05:48:51+00:00,1726,23,64,131,,,,
2026-06-16T05:49:10+00:00,1727,23,64,142,,,,
2026-06-16T05:49:31+00:00,1728,23,64,145,,,,
2026-06-16T05:49:49+00:00,1729,23,64,134,,,,
2026-06-16T05:50:07+00:00,1730,23,64,146,,,,
2026-06-16T05:50:26+00:00,1731,23,64,147,,,,
2026-06-16T05:50:44+00:00,1732,23,64,133,,,,
2026-06-16T05:51:03+00:00,1733,23,64,148,,,,
2026-06-16T05:51:24+00:00,1734,23,64,131,,,,
2026-06-16T05:51:43+00:00,1735,23,64,143,,,,
2026-06-16T05:52:01+00:00,1736,23,64,147,,,,
2026-06-16T05:52:19+00:00,1737,23,64,144,,,,
2026-06-16T05:52:38+00:00,1738,23,64,143,,,,
2026-06-16T05:52:58+00:00,1739,23,64,135,,,,
2026-06-16T05:53:19+00:00,1740,23,64,144,,,,
2026-06-16T05:53:37+00:00,1741,23,64,157,,,,
2026-06-16T05:53:58+00:00,1742,23,64,132,,,,
2026-06-16T05:54:22+00:00,1743,23,64,144,,,,
2026-06-16T05:54:42+00:00,1744,23,64,128,,,,
2026-06-16T05:55:01+00:00,1745,23,64,142,,,,
2026-06-16T05:55:20+00:00,1746,23,64,160,,,,
2026-06-16T05:55:39+00:00,1747,23,64,143,,,,
2026-06-16T05:55:57+00:00,1748,23,64,130,,,,
2026-06-16T05:56:16+00:00,1749,23,64,138,,,,
2026-06-16T05:56:36+00:00,1750,23,64,144,,,,
2026-06-16T05:56:57+00:00,1751,23,64,135,,,,
2026-06-16T05:57:15+00:00,1752,23,64,141,,,,
2026-06-16T05:57:33+00:00,1753,24,63,139,,,,
2026-06-16T05:57:52+00:00,1754,24,63,144,,,,
2026-06-16T05:58:12+00:00,1755,24,63,139,,,,
2026-06-16T05:58:30+00:00,1756,24,63,131,,,,
2026-06-16T05:58:48+00:00,1757,24,64,153,,,,
2026-06-16T05:59:07+00:00,1758,24,63,144,,,,
2026-06-16T05:59:25+00:00,1759,24,63,151,,,,
2026-06-16T05:59:44+00:00,1760,24,63,148,,,,
2026-06-16T06:00:05+00:00,1761,24,63,127,,,,
2026-06-16T06:00:24+00:00,1762,24,63,134,,,,
2026-06-16T06:00:42+00:00,1763,24,63,158,,,,
2026-06-16T06:01:03+00:00,1764,24,63,144,,,,
2026-06-16T06:01:21+00:00,1765,24,63,134,,,,
2026-06-16T06:01:41+00:00,1766,24,63,133,,,,
2026-06-16T06:02:00+00:00,1767,24,63,133,,,,
2026-06-16T06:02:18+00:00,1768,24,63,147,,,,
2026-06-16T06:02:36+00:00,1769,24,63,128,,,,
2026-06-16T06:02:54+00:00,1770,24,63,151,,,,
2026-06-16T06:03:13+00:00,1771,24,63,144,,,,
2026-06-16T06:03:34+00:00,1772,24,63,137,,,,
2026-06-16T06:04:02+00:00,1773,24,63,145,,,,
2026-06-16T06:04:20+00:00,1774,24,63,146,,,,
2026-06-16T06:04:40+00:00,1775,24,63,146,,,,
2026-06-16T06:05:00+00:00,1776,24,63,139,,,,
2026-06-16T06:05:18+00:00,1777,24,63,132,,,,
2026-06-16T06:05:36+00:00,1778,24,63,144,,,,
2026-06-16T06:05:54+00:00,1779,24,63,146,,,,
2026-06-16T06:06:13+00:00,1780,24,63,147,,,,
2026-06-16T06:06:31+00:00,1781,24,63,139,,,,
2026-06-16T06:06:50+00:00,1782,24,63,144,,,,
2026-06-16T06:07:10+00:00,1783,24,63,137,,,,
2026-06-16T06:07:28+00:00,1784,24,63,134,,,,
2026-06-16T06:07:46+00:00,1785,24,63,137,,,,
2026-06-16T06:08:04+00:00,1786,24,63,142,,,,
2026-06-16T06:08:22+00:00,1787,24,63,143,,,,
2026-06-16T06:08:43+00:00,1788,24,63,143,,,,
2026-06-16T06:09:02+00:00,1789,24,63,130,,,,
2026-06-16T06:09:21+00:00,1790,24,63,168,,,,
2026-06-16T06:09:40+00:00,1791,24,63,147,,,,
2026-06-16T06:09:59+00:00,1792,24,63,146,,,,
2026-06-16T06:10:18+00:00,1793,24,63,134,,,,
2026-06-16T06:10:40+00:00,1794,24,63,128,,,,
2026-06-16T06:10:59+00:00,1795,24,63,138,,,,
2026-06-16T06:11:18+00:00,1796,24,63,141,,,,
2026-06-16T06:11:39+00:00,1797,24,63,139,,,,
2026-06-16T06:18:55+00:00,1798,0,0,206,,,,
2026-06-16T06:19:25+00:00,1799,25,59,187,,,,
2026-06-16T06:20:34+00:00,1800,25,59,176,,,,
2026-06-16T06:20:53+00:00,1801,25,59,171,,,,
2026-06-16T06:21:13+00:00,1802,25,59,178,,,,
2026-06-16T06:21:37+00:00,1803,25,58,170,,,,
2026-06-16T06:22:03+00:00,1804,25,58,166,,,,
2026-06-16T06:22:29+00:00,1805,25,58,154,,,,
2026-06-16T06:22:52+00:00,1806,26,58,165,,,,
2026-06-16T06:37:52+00:00,1807,26,58,133,,,,
2026-06-16T06:38:13+00:00,1808,26,56,157,,,,
2026-06-16T06:38:32+00:00,1809,26,56,149,,,,
2026-06-16T06:38:50+00:00,1810,26,56,139,,,,
2026-06-16T06:39:09+00:00,1811,26,55,144,,,,
2026-06-16T06:39:30+00:00,1812,26,55,140,,,,
2026-06-16T06:52:29+00:00,1813,26,55,142,,,,
2026-06-16T06:52:50+00:00,1814,26,55,155,,,,
2026-06-16T06:53:08+00:00,1815,26,55,137,,,,
2026-06-16T06:53:31+00:00,1816,26,55,144,,,,
2026-06-16T06:53:56+00:00,1817,26,55,139,,,,
2026-06-16T06:54:17+00:00,1818,26,55,134,,,,
2026-06-16T07:03:14+00:00,1819,26,55,167,,,,
2026-06-16T07:03:32+00:00,1820,26,55,144,,,,
2026-06-16T07:03:51+00:00,1821,26,55,121,,,,
2026-06-16T07:04:11+00:00,1822,26,55,141,,,,
2026-06-16T07:04:29+00:00,1823,26,55,148,,,,
2026-06-16T07:04:47+00:00,1824,26,55,167,,,,
2026-06-16T07:05:05+00:00,1825,26,55,150,,,,
2026-06-16T07:05:24+00:00,1826,26,55,137,,,,
2026-06-16T07:06:05+00:00,1827,26,55,158,,,,
2026-06-16T07:06:27+00:00,1828,26,55,129,,,,
2026-06-16T07:06:46+00:00,1829,26,55,136,,,,
2026-06-16T07:07:05+00:00,1830,26,55,163,,,,
2026-06-16T07:07:24+00:00,1831,26,55,143,,,,
2026-06-16T07:07:44+00:00,1832,26,55,163,,,,
2026-06-16T07:08:04+00:00,1833,26,55,178,,,,
2026-06-16T07:08:23+00:00,1834,26,55,128,,,,
2026-06-16T07:08:43+00:00,1835,26,55,149,,,,
2026-06-16T07:09:02+00:00,1836,26,55,167,,,,
2026-06-16T07:14:02+00:00,1837,26,55,144,,,,
2026-06-16T07:14:22+00:00,1838,26,54,129,,,,
2026-06-16T07:14:41+00:00,1839,26,54,160,,,,
2026-06-16T07:14:59+00:00,1840,26,54,144,,,,
2026-06-16T07:15:19+00:00,1841,26,54,119,,,,
2026-06-16T07:15:38+00:00,1842,26,54,117,,,,
2026-06-16T07:23:07+00:00,1843,0,0,150,,,,
2026-06-16T07:23:32+00:00,1844,26,56,144,,,,
2026-06-16T07:23:49+00:00,1845,26,56,137,,,,
2026-06-16T07:24:09+00:00,1846,26,56,155,,,,
2026-06-16T07:24:34+00:00,1847,26,55,171,,,,
2026-06-16T07:32:24+00:00,1848,26,56,166,,,,
2026-06-16T07:32:46+00:00,1849,26,56,160,,,,
2026-06-16T07:33:09+00:00,1850,26,56,164,,,,
2026-06-16T07:38:13+00:00,1851,26,56,133,,,,
2026-06-16T07:38:31+00:00,1852,25,56,153,,,,
2026-06-16T07:38:54+00:00,1853,25,56,134,,,,
2026-06-16T07:39:15+00:00,1854,25,56,160,,,,
2026-06-16T07:39:33+00:00,1855,25,56,143,,,,
2026-06-16T07:39:54+00:00,1856,25,56,160,,,,
2026-06-16T07:40:14+00:00,1857,25,56,143,,,,
2026-06-16T07:40:33+00:00,1858,25,56,138,,,,
2026-06-16T07:40:50+00:00,1859,26,56,145,,,,
2026-06-16T07:41:10+00:00,1860,26,56,144,,,,
2026-06-16T07:41:28+00:00,1861,26,56,146,,,,
2026-06-16T07:41:46+00:00,1862,26,56,163,,,,
2026-06-16T07:42:04+00:00,1863,26,55,139,,,,
2026-06-16T07:42:26+00:00,1864,26,55,161,,,,
2026-06-16T07:42:44+00:00,1865,26,55,146,,,,
2026-06-16T07:43:02+00:00,1866,26,55,147,,,,
2026-06-16T07:43:22+00:00,1867,26,55,178,,,,
2026-06-16T07:43:40+00:00,1868,26,55,143,,,,
2026-06-16T07:43:58+00:00,1869,26,55,173,,,,
2026-06-16T07:44:16+00:00,1870,26,55,167,,,,
2026-06-16T07:44:33+00:00,1871,26,55,175,,,,
2026-06-16T07:44:53+00:00,1872,26,55,154,,,,
2026-06-16T07:45:10+00:00,1873,26,55,162,,,,
2026-06-16T07:45:30+00:00,1874,26,55,144,,,,
2026-06-16T07:45:50+00:00,1875,26,55,147,,,,
2026-06-16T07:46:11+00:00,1876,26,55,129,,,,
2026-06-16T07:46:32+00:00,1877,26,55,144,,,,
2026-06-16T07:46:51+00:00,1878,26,55,169,,,,
2026-06-16T07:47:09+00:00,1879,26,55,135,,,,
2026-06-16T07:47:27+00:00,1880,26,55,136,,,,
2026-06-16T07:47:45+00:00,1881,26,55,147,,,,
2026-06-16T07:48:03+00:00,1882,26,55,117,,,,
2026-06-16T07:48:21+00:00,1883,26,55,128,,,,
2026-06-16T07:48:41+00:00,1884,26,55,142,,,,
2026-06-16T07:48:59+00:00,1885,26,54,132,,,,
2026-06-16T07:49:17+00:00,1886,26,54,141,,,,
2026-06-16T07:49:35+00:00,1887,26,54,137,,,,
2026-06-16T07:49:52+00:00,1888,26,54,158,,,,
2026-06-16T07:50:12+00:00,1889,26,54,151,,,,
2026-06-16T07:50:29+00:00,1890,26,54,158,,,,
2026-06-16T07:50:49+00:00,1891,26,54,149,,,,
2026-06-16T07:51:53+00:00,1892,26,54,133,,,,
2026-06-16T07:52:10+00:00,1893,26,54,126,,,,
2026-06-16T07:52:29+00:00,1894,26,54,145,,,,
2026-06-16T07:52:47+00:00,1895,26,54,126,,,,
2026-06-16T07:53:04+00:00,1896,26,54,139,,,,
2026-06-16T07:53:22+00:00,1897,26,54,131,,,,
2026-06-16T07:53:40+00:00,1898,26,54,151,,,,
2026-06-16T07:53:58+00:00,1899,26,54,144,,,,
2026-06-16T07:54:19+00:00,1900,26,54,130,,,,
2026-06-16T07:54:37+00:00,1901,26,54,152,,,,
2026-06-16T07:54:56+00:00,1902,26,54,147,,,,
2026-06-16T07:55:16+00:00,1903,26,54,145,,,,
2026-06-16T07:55:36+00:00,1904,26,54,146,,,,
2026-06-16T07:55:55+00:00,1905,26,54,137,,,,
2026-06-16T07:56:12+00:00,1906,26,54,139,,,,
2026-06-16T07:56:31+00:00,1907,26,54,140,,,,
2026-06-16T07:56:49+00:00,1908,26,54,150,,,,
2026-06-16T07:57:07+00:00,1909,26,54,138,,,,
2026-06-16T07:57:28+00:00,1910,26,54,144,,,,
2026-06-16T07:57:47+00:00,1911,26,54,142,,,,
2026-06-16T07:58:07+00:00,1912,26,54,139,,,,
2026-06-16T07:58:26+00:00,1913,26,54,135,,,,
2026-06-16T07:58:44+00:00,1914,26,54,150,,,,
2026-06-16T07:59:02+00:00,1915,26,54,111,,,,
2026-06-16T07:59:20+00:00,1916,26,54,145,,,,
2026-06-16T07:59:40+00:00,1917,26,54,156,,,,
2026-06-16T07:59:59+00:00,1918,26,54,145,,,,
2026-06-16T08:00:17+00:00,1919,26,54,154,,,,
2026-06-16T08:00:35+00:00,1920,26,54,146,,,,
2026-06-16T08:00:55+00:00,1921,26,54,170,,,,
2026-06-16T08:01:16+00:00,1922,26,54,130,,,,
2026-06-16T08:01:35+00:00,1923,26,54,148,,,,
2026-06-16T08:01:54+00:00,1924,26,54,151,,,,
2026-06-16T08:02:11+00:00,1925,26,54,155,,,,
2026-06-16T08:02:32+00:00,1926,26,54,133,,,,
2026-06-16T08:02:52+00:00,1927,26,54,142,,,,
2026-06-16T08:03:10+00:00,1928,26,54,149,,,,
2026-06-16T08:03:28+00:00,1929,26,54,145,,,,
2026-06-16T08:03:50+00:00,1930,26,54,129,,,,
2026-06-16T08:04:08+00:00,1931,26,54,151,,,,
2026-06-16T08:04:30+00:00,1932,26,54,149,,,,
2026-06-16T08:04:49+00:00,1933,26,54,150,,,,
2026-06-16T08:05:08+00:00,1934,26,54,142,,,,
2026-06-16T08:05:28+00:00,1935,26,54,144,,,,
2026-06-16T08:05:46+00:00,1936,26,54,158,,,,
2026-06-16T08:06:06+00:00,1937,26,54,144,,,,
2026-06-16T08:06:26+00:00,1938,26,54,142,,,,
2026-06-16T08:06:47+00:00,1939,26,54,157,,,,
2026-06-16T08:07:34+00:00,1940,26,54,144,,,,
2026-06-16T08:07:58+00:00,1941,26,54,157,,,,
2026-06-16T08:08:16+00:00,1942,26,54,144,,,,
2026-06-16T08:08:33+00:00,1943,26,54,141,,,,
2026-06-16T08:08:52+00:00,1944,26,54,144,,,,
2026-06-16T08:09:10+00:00,1945,26,54,159,,,,
2026-06-16T08:09:34+00:00,1946,26,54,143,,,,
2026-06-17T20:50:06+00:00,1947,31,70,774,,,,
2026-06-17T20:50:25+00:00,1948,31,70,743,,,,
2026-06-17T20:50:46+00:00,1949,31,70,722,,,,
2026-06-17T20:53:27+00:00,1950,31,70,602,,,,
2026-06-17T20:53:47+00:00,1951,31,70,591,,,,
2026-06-17T20:54:07+00:00,1952,31,70,561,,,,
2026-06-17T20:54:28+00:00,1953,31,69,554,,,,
2026-06-17T20:54:54+00:00,1954,31,69,553,,,,
2026-06-17T20:59:44+00:00,1955,31,70,425,,,,
2026-06-17T21:00:04+00:00,1956,31,69,421,,,,
2026-06-17T21:00:24+00:00,1957,31,69,404,,,,
2026-06-17T21:00:42+00:00,1958,31,69,406,,,,
2026-06-17T21:01:00+00:00,1959,31,69,403,,,,
2026-06-17T21:01:18+00:00,1960,31,69,426,,,,
2026-06-17T21:01:38+00:00,1961,31,69,388,,,,
2026-06-17T21:01:58+00:00,1962,31,69,395,,,,
2026-06-17T21:02:20+00:00,1963,31,69,385,,,,
2026-06-17T21:02:38+00:00,1964,31,69,370,,,,
2026-06-17T21:02:57+00:00,1965,31,69,382,,,,
2026-06-17T21:03:16+00:00,1966,31,69,380,,,,
2026-06-17T21:03:34+00:00,1967,31,69,377,,,,
2026-06-17T21:03:52+00:00,1968,31,69,364,,,,
2026-06-17T21:04:10+00:00,1969,31,69,378,,,,
2026-06-17T21:04:28+00:00,1970,31,69,358,,,,
2026-06-17T21:04:46+00:00,1971,31,69,358,,,,
2026-06-17T21:05:04+00:00,1972,31,69,368,,,,
2026-06-17T21:05:22+00:00,1973,31,69,340,,,,
2026-06-17T21:05:43+00:00,1974,31,69,337,,,,
2026-06-17T21:39:27+00:00,1975,31,69,209,,,,
2026-06-17T21:39:47+00:00,1976,31,69,203,,,,
2026-06-17T21:40:08+00:00,1977,31,69,215,,,,
2026-06-17T21:40:27+00:00,1978,31,69,209,,,,
2026-06-17T21:40:49+00:00,1979,31,69,209,,,,
2026-06-17T21:41:11+00:00,1980,31,69,208,,,,
2026-06-17T21:41:30+00:00,1981,31,69,206,,,,
2026-06-17T21:41:50+00:00,1982,31,69,207,,,,
2026-06-17T21:42:11+00:00,1983,31,69,195,,,,
2026-06-17T21:56:16+00:00,1984,31,69,192,,,,
2026-06-17T21:56:44+00:00,1985,31,69,176,,,,
2026-06-17T21:57:08+00:00,1986,31,69,183,,,,
2026-06-17T22:20:33+00:00,1987,31,69,170,,,,
2026-06-17T22:20:51+00:00,1988,31,69,171,,,,
2026-06-17T22:21:10+00:00,1989,31,69,174,,,,
2026-06-17T22:21:29+00:00,1990,31,69,176,,,,
2026-06-17T22:42:06+00:00,1991,31,69,181,,,,
2026-06-17T22:42:27+00:00,1992,31,69,167,,,,
2026-06-17T22:42:53+00:00,1993,31,69,183,,,,
2026-06-17T22:43:11+00:00,1994,31,69,176,,,,
2026-06-17T22:43:33+00:00,1995,31,69,191,,,,
2026-06-17T22:43:54+00:00,1996,31,69,168,,,,
2026-06-18T00:41:20+00:00,1997,0,0,193,,,,
2026-06-18T00:41:46+00:00,1998,31,69,195,,,,
2026-06-18T00:42:14+00:00,1999,31,69,182,,,,
2026-06-18T01:41:13+00:00,2000,0,0,310,,,,
2026-06-18T01:41:31+00:00,2001,31,70,311,,,,
2026-06-18T01:41:49+00:00,2002,31,69,299,,,,
2026-06-18T01:42:07+00:00,2003,31,69,289,,,,
2026-06-18T01:42:28+00:00,2004,31,69,295,,,,
2026-06-18T01:42:48+00:00,2005,31,69,267,,,,
2026-06-18T01:43:07+00:00,2006,31,69,261,,,,
2026-06-18T01:43:26+00:00,2007,31,69,272,,,,
2026-06-18T01:43:43+00:00,2008,31,69,257,,,,
2026-06-18T01:44:01+00:00,2009,31,69,257,,,,
2026-06-18T01:44:19+00:00,2010,31,69,254,,,,
2026-06-18T01:44:38+00:00,2011,31,69,257,,,,
2026-06-18T01:45:00+00:00,2012,31,69,240,,,,
2026-06-18T01:45:18+00:00,2013,31,69,238,,,,
2026-06-18T01:45:36+00:00,2014,31,69,242,,,,
2026-06-18T01:45:54+00:00,2015,31,69,234,,,,
2026-06-18T01:46:12+00:00,2016,31,69,240,,,,
2026-06-18T01:46:35+00:00,2017,31,69,218,,,,
2026-06-18T01:47:03+00:00,2018,31,69,237,,,,
2026-06-18T01:47:23+00:00,2019,31,69,233,,,,
2026-06-18T01:47:43+00:00,2020,31,69,209,,,,
2026-06-18T01:48:02+00:00,2021,31,69,202,,,,
2026-06-18T05:37:38+00:00,2022,0,0,419,,,,
2026-06-18T05:37:56+00:00,2023,29,46,411,,,,
2026-06-18T05:38:17+00:00,2024,29,47,382,,,,
2026-06-18T05:38:37+00:00,2025,29,47,353,,,,
2026-06-18T05:38:56+00:00,2026,29,46,342,,,,
2026-06-27T10:45:50+00:00,2027,32,67,192,,,,
2026-06-27T10:46:08+00:00,2028,32,67,201,,,,
2026-06-27T10:46:26+00:00,2029,32,67,189,,,,
2026-06-27T10:46:44+00:00,2030,32,67,187,,,,
2026-06-27T10:47:02+00:00,2031,32,67,198,,,,
2026-06-27T10:47:20+00:00,2032,32,67,193,,,,
2026-06-27T10:47:39+00:00,2033,32,67,203,,,,
2026-06-27T10:47:56+00:00,2034,32,67,191,,,,
2026-06-27T10:48:14+00:00,2035,32,67,189,,,,
2026-06-27T10:48:33+00:00,2036,32,67,180,,,,
2026-06-27T10:48:51+00:00,2037,32,67,197,,,,
2026-06-27T10:49:09+00:00,2038,32,67,187,,,,
2026-06-27T10:49:26+00:00,2039,32,67,201,,,,
2026-06-27T10:49:46+00:00,2040,32,67,198,,,,
2026-06-27T18:42:42+00:00,2041,0,0,355,,,,
2026-06-27T18:43:03+00:00,2042,32,70,328,,,,
2026-06-27T18:43:29+00:00,2043,32,69,322,,,,
2026-06-27T18:43:50+00:00,2044,32,69,318,,,,
2026-06-27T18:44:07+00:00,2045,32,69,314,,,,
2026-06-27T18:44:24+00:00,2046,32,69,301,,,,
2026-06-27T18:44:43+00:00,2047,32,69,289,,,,
2026-06-27T18:45:02+00:00,2048,32,69,286,,,,
2026-06-27T18:45:21+00:00,2049,32,69,279,,,,
2026-06-27T18:45:40+00:00,2050,32,69,274,,,,
2026-06-27T18:45:59+00:00,2051,32,69,266,,,,
2026-06-27T18:46:16+00:00,2052,32,69,270,,,,
2026-06-27T18:46:36+00:00,2053,32,69,272,,,,
2026-06-27T18:46:54+00:00,2054,32,69,256,,,,
2026-06-27T18:47:13+00:00,2055,32,69,265,,,,
2026-06-27T18:47:32+00:00,2056,32,69,258,,,,
2026-06-27T18:47:49+00:00,2057,32,69,249,,,,
2026-06-27T18:48:06+00:00,2058,32,69,240,,,,
2026-06-27T18:48:25+00:00,2059,32,69,240,,,,
2026-06-27T18:48:42+00:00,2060,32,69,241,,,,
2026-06-27T18:49:00+00:00,2061,32,69,238,,,,
2026-06-27T18:49:17+00:00,2062,32,69,239,,,,
2026-06-27T18:49:34+00:00,2063,32,69,240,,,,
2026-06-27T18:49:52+00:00,2064,32,69,236,,,,
2026-06-27T18:50:10+00:00,2065,32,69,221,,,,
2026-06-27T18:50:27+00:00,2066,32,69,222,,,,
2026-06-27T18:50:46+00:00,2067,32,69,221,,,,
2026-06-27T18:51:04+00:00,2068,32,69,227,,,,
2026-06-27T18:51:22+00:00,2069,32,69,226,,,,
2026-06-27T18:51:41+00:00,2070,32,69,214,,,,
2026-06-27T18:51:59+00:00,2071,32,69,213,,,,
2026-06-27T18:52:16+00:00,2072,32,69,205,,,,
2026-06-27T18:52:33+00:00,2073,32,69,219,,,,
2026-06-27T18:52:51+00:00,2074,32,69,211,,,,
2026-06-27T18:53:08+00:00,2075,32,69,215,,,,
2026-06-27T18:53:25+00:00,2076,32,69,209,,,,
2026-06-27T18:53:42+00:00,2077,32,69,217,,,,
2026-06-27T18:54:01+00:00,2078,32,69,218,,,,
2026-06-27T18:54:19+00:00,2079,32,69,206,,,,
2026-06-27T18:54:38+00:00,2080,32,69,207,,,,
2026-06-27T18:54:56+00:00,2081,32,69,201,,,,
2026-06-27T18:55:13+00:00,2082,32,69,208,,,,
2026-06-27T18:55:35+00:00,2083,32,69,203,,,,
2026-06-27T18:55:54+00:00,2084,32,69,201,,,,
2026-06-27T18:56:11+00:00,2085,32,69,199,,,,
2026-06-27T18:56:49+00:00,2086,32,69,199,,,,
2026-06-27T18:57:06+00:00,2087,32,69,193,,,,
2026-06-27T18:57:25+00:00,2088,32,69,195,,,,
2026-06-27T18:57:45+00:00,2089,32,69,195,,,,
2026-06-27T18:58:04+00:00,2090,32,69,195,,,,
2026-06-27T18:58:21+00:00,2091,32,69,191,,,,
2026-06-27T18:58:38+00:00,2092,32,69,203,,,,
2026-06-27T18:58:56+00:00,2093,32,69,197,,,,
2026-06-27T18:59:14+00:00,2094,32,69,187,,,,
2026-06-27T18:59:32+00:00,2095,32,69,187,,,,
2026-06-27T18:59:50+00:00,2096,32,69,185,,,,
2026-06-27T19:00:09+00:00,2097,32,69,192,,,,
2026-06-27T19:00:27+00:00,2098,32,69,182,,,,
2026-06-27T19:00:45+00:00,2099,32,69,192,,,,
2026-06-27T19:01:02+00:00,2100,32,69,189,,,,
2026-06-27T19:01:19+00:00,2101,32,69,192,,,,
2026-06-27T19:04:08+00:00,2102,32,69,174,,,,
2026-06-27T19:04:26+00:00,2103,32,69,180,,,,
2026-06-27T19:04:45+00:00,2104,32,69,184,,,,
2026-06-27T19:05:02+00:00,2105,32,69,185,,,,
2026-06-27T19:05:21+00:00,2106,32,69,180,,,,
2026-06-27T19:05:39+00:00,2107,32,69,174,,,,
2026-06-27T19:05:57+00:00,2108,32,69,176,,,,
2026-06-27T19:06:16+00:00,2109,32,69,183,,,,
2026-06-27T19:06:33+00:00,2110,32,69,176,,,,
2026-06-27T19:06:51+00:00,2111,32,69,176,,,,
2026-06-27T19:07:09+00:00,2112,32,69,176,,,,
2026-06-27T19:07:28+00:00,2113,32,69,176,,,,
2026-06-27T19:07:45+00:00,2114,32,69,172,,,,
2026-06-27T19:08:04+00:00,2115,32,69,190,,,,
2026-06-27T19:08:21+00:00,2116,32,69,173,,,,
2026-06-27T19:08:38+00:00,2117,32,69,169,,,,
2026-06-27T19:08:56+00:00,2118,32,69,176,,,,
2026-06-27T19:09:14+00:00,2119,32,69,174,,,,
2026-06-27T19:09:32+00:00,2120,32,69,173,,,,
2026-06-27T19:09:49+00:00,2121,32,69,176,,,,
2026-06-27T19:10:10+00:00,2122,32,69,179,,,,
2026-06-27T19:10:28+00:00,2123,32,69,176,,,,
2026-06-27T19:10:45+00:00,2124,32,69,174,,,,
2026-06-27T19:11:11+00:00,2125,32,69,172,,,,
2026-06-27T19:11:29+00:00,2126,32,69,176,,,,
2026-06-27T19:11:46+00:00,2127,32,69,181,,,,
2026-06-27T19:12:03+00:00,2128,32,69,163,,,,
2026-06-27T19:12:23+00:00,2129,32,69,176,,,,
2026-06-27T19:12:40+00:00,2130,32,69,174,,,,
2026-06-27T19:12:59+00:00,2131,32,69,175,,,,
2026-06-27T19:13:17+00:00,2132,32,69,176,,,,
2026-06-27T19:13:34+00:00,2133,32,69,173,,,,
2026-06-27T19:13:54+00:00,2134,32,69,163,,,,
2026-06-27T19:14:12+00:00,2135,32,69,175,,,,
2026-06-27T19:14:31+00:00,2136,32,69,166,,,,
2026-06-27T19:14:49+00:00,2137,32,69,175,,,,
2026-06-27T19:15:09+00:00,2138,32,69,161,,,,
2026-06-27T19:16:14+00:00,2139,32,69,176,,,,
2026-06-27T19:16:32+00:00,2140,32,69,173,,,,
2026-06-27T19:16:50+00:00,2141,32,69,158,,,,
2026-06-27T19:17:14+00:00,2142,32,69,170,,,,
2026-06-27T19:17:32+00:00,2143,32,69,164,,,,
2026-06-27T19:20:28+00:00,2144,32,69,176,,,,
2026-06-27T19:20:49+00:00,2145,32,69,169,,,,
2026-06-27T19:21:08+00:00,2146,32,69,175,,,,
2026-06-27T19:21:27+00:00,2147,32,69,168,,,,
2026-06-27T19:21:44+00:00,2148,32,69,165,,,,
2026-06-27T19:22:02+00:00,2149,32,69,175,,,,
2026-06-27T19:22:19+00:00,2150,32,69,175,,,,
2026-06-27T19:22:42+00:00,2151,32,69,159,,,,
2026-06-27T19:23:01+00:00,2152,32,69,169,,,,
2026-06-27T19:23:19+00:00,2153,32,69,162,,,,
2026-06-27T19:23:37+00:00,2154,32,69,161,,,,
2026-06-27T19:23:54+00:00,2155,32,69,166,,,,
2026-06-27T19:24:11+00:00,2156,32,69,167,,,,
2026-06-27T19:24:30+00:00,2157,32,69,161,,,,
2026-06-27T19:24:49+00:00,2158,32,69,169,,,,
2026-06-27T19:25:08+00:00,2159,32,69,177,,,,
2026-06-27T19:25:29+00:00,2160,32,69,158,,,,
2026-06-27T19:25:49+00:00,2161,32,69,174,,,,
2026-06-27T19:26:08+00:00,2162,32,69,170,,,,
2026-06-27T19:26:25+00:00,2163,32,69,158,,,,
2026-06-27T19:26:48+00:00,2164,32,69,166,,,,
2026-06-27T19:27:07+00:00,2165,32,69,171,,,,
2026-06-27T19:27:26+00:00,2166,32,69,163,,,,
2026-06-27T19:27:45+00:00,2167,32,69,171,,,,
2026-06-27T19:28:04+00:00,2168,32,69,160,,,,
2026-06-27T19:28:21+00:00,2169,32,69,157,,,,
2026-06-27T19:28:39+00:00,2170,32,69,159,,,,
2026-06-27T19:28:58+00:00,2171,32,69,168,,,,
2026-06-27T19:29:17+00:00,2172,32,69,165,,,,
2026-06-27T19:29:40+00:00,2173,32,69,163,,,,
2026-06-27T19:29:59+00:00,2174,32,69,159,,,,
2026-06-27T19:31:29+00:00,2175,32,69,176,,,,
2026-06-27T19:31:58+00:00,2176,32,69,159,,,,
2026-06-27T19:32:21+00:00,2177,32,69,162,,,,
