created_at,entry_id,field4,field5,field6,field7,field8,latitude,longitude,elevation,status
2026-06-16T06:19:19+00:00,1,258,1,1,1,0,,,,
2026-06-16T06:20:49+00:00,2,322,1,1,2,0,,,,
2026-06-16T06:21:20+00:00,3,404,1,3,2,1,,,,
2026-06-16T06:22:17+00:00,4,201,1,1,4,1,,,,
2026-06-16T06:23:10+00:00,5,0,1,9,4,1,,,,
2026-06-16T06:38:09+00:00,6,258,1,1,1,0,,,,
2026-06-16T06:38:40+00:00,7,1,1,1,2,0,,,,
2026-06-16T06:39:17+00:00,8,322,1,1,3,0,,,,
2026-06-16T06:39:50+00:00,9,0,1,9,3,0,,,,
2026-06-16T06:52:46+00:00,10,1,2,1,1,0,,,,
2026-06-16T06:53:38+00:00,11,258,2,1,2,0,,,,
2026-06-16T06:53:53+00:00,12,322,2,1,3,0,,,,
2026-06-16T06:54:39+00:00,13,0,2,9,3,0,,,,
2026-06-16T07:03:47+00:00,14,1,2,1,1,0,,,,
2026-06-16T07:06:53+00:00,15,1,2,1,1,0,,,,
2026-06-16T07:07:11+00:00,16,258,2,1,2,0,,,,
2026-06-16T07:09:17+00:00,17,0,2,9,2,0,,,,
2026-06-16T07:14:19+00:00,18,1,2,1,1,0,,,,
2026-06-16T07:15:05+00:00,19,258,2,2,2,1,,,,
2026-06-16T07:15:26+00:00,20,201,2,1,3,1,,,,
2026-06-16T07:15:51+00:00,21,0,2,9,3,1,,,,
2026-06-16T07:23:15+00:00,22,1,2,1,1,0,,,,
2026-06-16T07:23:57+00:00,23,201,2,1,3,0,,,,
2026-06-16T07:24:29+00:00,24,322,2,1,4,0,,,,
2026-06-16T07:24:54+00:00,25,0,2,9,4,0,,,,
2026-06-16T07:32:40+00:00,26,322,1,1,1,0,,,,
2026-06-16T07:33:05+00:00,27,258,1,1,2,0,,,,
2026-06-16T07:33:27+00:00,28,0,1,9,2,0,,,,
2026-06-16T07:38:49+00:00,29,322,2,1,1,0,,,,
2026-06-16T07:52:21+00:00,30,1,1,1,1,0,,,,
2026-06-16T08:07:53+00:00,31,1,2,1,1,0,,,,
2026-06-16T08:08:22+00:00,32,258,2,1,2,0,,,,
2026-06-16T08:08:45+00:00,33,258,2,2,2,1,,,,
2026-06-16T08:09:30+00:00,34,251,2,1,3,1,,,,
2026-06-16T08:09:49+00:00,35,0,2,9,3,1,,,,
2026-06-17T20:50:42+00:00,36,1,1,1,1,0,,,,
2026-06-17T20:51:11+00:00,37,0,1,9,1,0,,,,
2026-06-17T20:53:41+00:00,38,322,1,1,1,0,,,,
2026-06-17T20:54:14+00:00,39,1,1,1,2,0,,,,
2026-06-17T20:54:48+00:00,40,201,1,1,4,0,,,,
2026-06-17T20:55:13+00:00,41,0,1,9,4,0,,,,
2026-06-17T20:59:57+00:00,42,322,1,1,1,0,,,,
2026-06-17T21:00:48+00:00,43,201,1,1,2,0,,,,
2026-06-17T21:01:08+00:00,44,1,1,1,3,0,,,,
2026-06-17T21:05:54+00:00,45,0,1,9,3,0,,,,
2026-06-17T21:40:46+00:00,46,322,2,1,1,0,,,,
2026-06-17T21:56:37+00:00,47,1,1,1,1,0,,,,
2026-06-17T21:56:59+00:00,48,258,1,1,2,0,,,,
2026-06-17T21:57:26+00:00,49,0,1,9,2,0,,,,
2026-06-17T22:20:59+00:00,50,258,1,1,1,0,,,,
2026-06-17T22:21:21+00:00,51,201,1,1,2,0,,,,
2026-06-17T22:21:44+00:00,52,0,1,9,2,0,,,,
2026-06-17T22:42:17+00:00,53,201,1,1,1,0,,,,
2026-06-17T22:42:44+00:00,54,404,1,3,1,1,,,,
2026-06-17T22:43:01+00:00,55,251,1,1,2,1,,,,
2026-06-17T22:43:23+00:00,56,251,1,2,2,2,,,,
2026-06-17T22:43:44+00:00,57,322,1,1,3,2,,,,
2026-06-17T22:44:08+00:00,58,0,1,9,3,2,,,,
2026-06-18T00:41:39+00:00,59,1,2,1,1,0,,,,
2026-06-18T00:42:06+00:00,60,258,2,1,2,0,,,,
2026-06-18T00:42:36+00:00,61,0,2,9,2,0,,,,
2026-06-18T01:44:53+00:00,62,1,1,1,1,0,,,,
2026-06-18T01:46:24+00:00,63,1,1,2,1,1,,,,
2026-06-18T01:46:54+00:00,64,258,1,1,2,1,,,,
2026-06-18T01:48:15+00:00,65,0,1,9,2,1,,,,
2026-06-18T05:38:08+00:00,66,322,1,1,1,0,,,,
2026-06-18T05:38:29+00:00,67,322,1,2,1,1,,,,
2026-06-18T05:38:49+00:00,68,258,1,1,2,1,,,,
2026-06-18T05:39:15+00:00,69,0,1,9,2,1,,,,
2026-06-27T10:47:30+00:00,70,404,1,3,0,1,,,,
2026-06-27T10:47:46+00:00,71,1,1,1,1,1,,,,
2026-06-27T10:48:27+00:00,72,258,1,1,2,1,,,,
2026-06-27T10:49:04+00:00,73,251,1,1,3,1,,,,
2026-06-27T10:50:03+00:00,74,0,1,9,3,1,,,,
2026-06-27T18:42:57+00:00,75,258,2,1,1,0,,,,
2026-06-27T18:43:22+00:00,76,258,2,2,1,1,,,,
2026-06-27T18:43:43+00:00,77,251,2,1,2,1,,,,
2026-06-27T19:15:23+00:00,78,0,2,9,0,0,,,,
2026-06-27T19:16:44+00:00,79,258,2,1,1,0,,,,
2026-06-27T19:17:07+00:00,80,258,2,2,2,1,,,,
2026-06-27T19:17:40+00:00,81,251,2,1,4,1,,,,
2026-06-27T19:17:56+00:00,82,0,2,9,4,1,,,,
2026-06-27T19:20:43+00:00,83,258,1,1,1,0,,,,
2026-06-27T19:31:50+00:00,84,258,2,1,1,0,,,,
2026-06-27T19:32:06+00:00,85,251,2,1,2,0,,,,
2026-06-27T19:32:40+00:00,86,0,2,9,3,0,,,,
